sensorData,time
50.0,2023-06-08 11:21:24.517349
50.0,2023-06-08 11:21:27.517401
50.0,2023-06-08 11:21:30.517391
50.0,2023-06-08 11:21:33.517342
50.0,2023-06-08 11:21:36.517219
50.0,2023-06-08 11:21:39.517368
50.0,2023-06-08 11:21:42.517329
50.0,2023-06-08 11:21:45.517267
50.0,2023-06-08 11:21:48.517266
50.0,2023-06-08 11:21:51.517221
50.0,2023-06-08 11:21:54.517272
50.0,2023-06-08 11:21:57.517162
48.61,2023-06-08 11:22:00.517366
47.83,2023-06-08 11:22:03.517244
47.41,2023-06-08 11:22:06.517311
46.69,2023-06-08 11:22:09.517167
45.29,2023-06-08 11:22:12.517169
43.85,2023-06-08 11:22:15.517225
41.77,2023-06-08 11:22:18.517163
40.95,2023-06-08 11:22:21.517094
38.27,2023-06-08 11:22:24.517194
36.38,2023-06-08 11:22:27.517110
36.08,2023-06-08 11:22:30.517125
36.25,2023-06-08 11:22:33.517179
37.07,2023-06-08 11:22:36.517105
41.51,2023-06-08 11:22:39.517084
45.24,2023-06-08 11:22:42.529731
52.69,2023-06-08 11:22:45.517055
55.23,2023-06-08 11:22:48.517080
54.36,2023-06-08 11:22:51.517043
53.87,2023-06-08 11:22:54.516974
50.02,2023-06-08 11:22:57.516936
47.17,2023-06-08 11:23:00.516997
43.28,2023-06-08 11:23:03.517002
39.46,2023-06-08 11:23:06.516969
34.82,2023-06-08 11:23:09.517094
30.91,2023-06-08 11:23:12.517008
29.93,2023-06-08 11:23:15.517153
30.72,2023-06-08 11:23:18.516991
31.66,2023-06-08 11:23:21.516945
31.39,2023-06-08 11:23:24.516893
31.15,2023-06-08 11:23:27.516905
33.52,2023-06-08 11:23:30.516890
37.47,2023-06-08 11:23:33.516962
39.96,2023-06-08 11:23:36.516838
37.96,2023-06-08 11:23:39.516807
36.94,2023-06-08 11:23:42.516954
34.0,2023-06-08 11:23:45.516904
30.75,2023-06-08 11:23:48.516881
27.75,2023-06-08 11:23:51.516860
26.02,2023-06-08 11:23:54.516848
24.3,2023-06-08 11:23:57.516802
24.15,2023-06-08 11:24:00.516791
23.36,2023-06-08 11:24:03.516855
22.81,2023-06-08 11:24:06.516821
23.1,2023-06-08 11:24:09.516739
23.28,2023-06-08 11:24:12.516745
24.71,2023-06-08 11:24:15.516720
25.65,2023-06-08 11:24:18.516756
24.66,2023-06-08 11:24:21.516791
27.48,2023-06-08 11:24:24.516686
27.08,2023-06-08 11:24:27.516644
30.3,2023-06-08 11:24:30.516678
30.18,2023-06-08 11:24:33.516603
28.89,2023-06-08 11:24:36.516725
28.6,2023-06-08 11:24:39.516636
29.88,2023-06-08 11:24:42.516680
31.34,2023-06-08 11:24:45.516619
34.7,2023-06-08 11:24:48.516616
38.73,2023-06-08 11:24:51.516620
40.32,2023-06-08 11:24:54.516582
44.19,2023-06-08 11:24:57.516523
50.36,2023-06-08 11:25:00.516644
53.14,2023-06-08 11:25:03.516558
48.58,2023-06-08 11:25:06.516582
43.74,2023-06-08 11:25:09.516570
41.66,2023-06-08 11:25:12.516630
42.83,2023-06-08 11:25:15.516573
46.45,2023-06-08 11:25:18.516529
48.86,2023-06-08 11:25:21.516463
47.5,2023-06-08 11:25:24.516539
49.58,2023-06-08 11:25:27.516480
47.54,2023-06-08 11:25:30.516416
44.62,2023-06-08 11:25:33.516487
38.35,2023-06-08 11:25:36.516489
36.84,2023-06-08 11:25:39.516461
37.0,2023-06-08 11:25:42.516433
36.63,2023-06-08 11:25:45.516488
36.09,2023-06-08 11:25:48.516410
36.25,2023-06-08 11:25:51.516556
35.97,2023-06-08 11:25:54.516425
35.91,2023-06-08 11:25:57.516418
35.16,2023-06-08 11:26:00.516414
37.19,2023-06-08 11:26:03.516286
39.75,2023-06-08 11:26:06.516397
44.26,2023-06-08 11:26:09.516359
44.0,2023-06-08 11:26:12.516374
46.16,2023-06-08 11:26:15.516314
48.17,2023-06-08 11:26:18.516330
50.0,2023-06-08 11:26:21.516306
50.0,2023-06-08 11:26:24.517176
50.59,2023-06-08 11:26:27.517302
50.0,2023-06-08 11:26:30.517356
48.05,2023-06-08 11:26:33.517317
45.18,2023-06-08 11:26:36.517226
42.81,2023-06-08 11:26:39.517330
40.1,2023-06-08 11:26:42.517289
44.11,2023-06-08 11:26:45.517208
47.65,2023-06-08 11:26:48.517284
48.58,2023-06-08 11:26:51.517143
48.84,2023-06-08 11:26:54.517198
50.6,2023-06-08 11:26:57.517166
56.81,2023-06-08 11:27:00.517093
56.8,2023-06-08 11:27:03.517063
51.29,2023-06-08 11:27:06.517026
48.97,2023-06-08 11:27:09.517080
45.07,2023-06-08 11:27:12.517066
43.25,2023-06-08 11:27:15.517093
47.0,2023-06-08 11:27:18.517183
50.0,2023-06-08 11:27:21.517108
50.36,2023-06-08 11:27:24.517005
50.83,2023-06-08 11:27:27.517060
0.8,2023-06-08 11:27:30.517019
48.28,2023-06-08 11:27:33.517074
45.23,2023-06-08 11:27:36.517069
4.5,2023-06-08 11:27:39.516974
47.98,2023-06-08 11:27:42.516958
49.6,2023-06-08 11:27:45.517065
52.05,2023-06-08 11:27:48.516918
53.28,2023-06-08 11:27:51.516975
55.06,2023-06-08 11:27:54.516948
55.83,2023-06-08 11:27:57.517000
56.39,2023-06-08 11:28:00.516907
56.38,2023-06-08 11:28:03.516961
48.15,2023-06-08 11:28:09.516901
43.31,2023-06-08 11:28:12.516961
39.03,2023-06-08 11:28:15.516969
36.43,2023-06-08 11:28:18.516868
34.48,2023-06-08 11:28:21.516914
33.48,2023-06-08 11:28:24.516834
32.44,2023-06-08 11:28:27.516845
32.36,2023-06-08 11:28:30.516793
32.45,2023-06-08 11:28:33.516801
34.11,2023-06-08 11:28:36.516760
33.49,2023-06-08 11:28:39.516813
33.18,2023-06-08 11:28:42.516756
32.34,2023-06-08 11:28:45.516770
34.78,2023-06-08 11:28:48.516717
35.82,2023-06-08 11:28:51.516708
38.77,2023-06-08 11:28:54.516768
38.78,2023-06-08 11:28:57.516734
39.94,2023-06-08 11:29:00.516687
39.43,2023-06-08 11:29:03.516698
41.61,2023-06-08 11:29:06.516700
43.3,2023-06-08 11:29:09.516685
43.39,2023-06-08 11:29:12.516677
44.32,2023-06-08 11:29:15.516686
44.05,2023-06-08 11:29:18.516630
47.35,2023-06-08 11:29:21.516640
47.49,2023-06-08 11:29:24.516625
48.97,2023-06-08 11:29:27.516615
5.0,2023-06-08 11:29:30.516664
50.0,2023-06-08 11:29:33.516641
51.29,2023-06-08 11:29:36.516581
51.79,2023-06-08 11:29:39.516569
52.39,2023-06-08 11:29:42.516639
55.34,2023-06-08 11:29:45.516659
51.42,2023-06-08 11:29:48.516620
45.09,2023-06-08 11:29:51.516560
38.44,2023-06-08 11:29:54.516523
32.29,2023-06-08 11:29:57.516568
25.1,2023-06-08 11:30:00.516540
14.38,2023-06-08 11:30:03.516561
3.39,2023-06-08 11:30:06.516472
0.0,2023-06-08 11:30:09.516530
0.0,2023-06-08 11:30:12.516460
0.0,2023-06-08 11:30:15.516495
0.0,2023-06-08 11:30:18.516458
0.0,2023-06-08 11:30:21.516365
0.0,2023-06-08 11:30:24.516447
0.0,2023-06-08 11:30:30.516465
0.0,2023-06-08 11:30:33.516455
0.0,2023-06-08 11:30:36.516396
0.0,2023-06-08 11:30:39.516344
0.0,2023-06-08 11:30:42.516435
0.0,2023-06-08 11:30:45.516390
0.0,2023-06-08 11:30:48.516309
0.0,2023-06-08 11:30:51.516381
0.0,2023-06-08 11:30:54.516344
0.0,2023-06-08 11:30:57.516316
0.0,2023-06-08 11:31:00.516314
0.0,2023-06-08 11:31:03.516333
0.0,2023-06-08 11:31:06.516325
0.0,2023-06-08 11:31:09.516233
0.0,2023-06-08 11:31:12.516287
0.0,2023-06-08 11:31:15.516252
0.0,2023-06-08 11:31:18.516299
0.0,2023-06-08 11:31:21.516255
0.0,2023-06-08 11:31:24.516251
0.0,2023-06-08 11:31:27.516245
0.0,2023-06-08 11:31:30.516189
0.0,2023-06-08 11:31:33.516171
0.0,2023-06-08 11:31:36.516210
0.0,2023-06-08 11:31:39.516099
0.35,2023-06-08 11:31:42.516187
3.17,2023-06-08 11:31:45.516068
8.32,2023-06-08 11:31:48.516198
12.31,2023-06-08 11:31:51.516156
15.71,2023-06-08 11:31:54.516107
17.68,2023-06-08 11:31:57.516132
20.9,2023-06-08 11:32:00.516075
23.61,2023-06-08 11:32:03.516102
23.88,2023-06-08 11:32:06.516063
26.85,2023-06-08 11:32:09.516060
28.81,2023-06-08 11:32:12.516024
31.67,2023-06-08 11:32:15.516108
32.09,2023-06-08 11:32:18.516021
34.62,2023-06-08 11:32:21.516130
38.24,2023-06-08 11:32:24.516005
42.69,2023-06-08 11:32:27.516024
46.24,2023-06-08 11:32:30.516038
50.12,2023-06-08 11:32:33.515973
54.66,2023-06-08 11:32:36.515981
57.7,2023-06-08 11:32:39.515986
57.8,2023-06-08 11:32:42.516013
54.87,2023-06-08 11:32:45.515935
52.0,2023-06-08 11:32:48.516035
51.61,2023-06-08 11:32:51.515979
49.99,2023-06-08 11:32:57.515939
50.0,2023-06-08 11:33:00.515915
50.0,2023-06-08 11:33:03.515816
49.98,2023-06-08 11:33:06.515923
50.0,2023-06-08 11:33:09.515799
50.0,2023-06-08 11:33:12.515932
50.12,2023-06-08 11:33:15.515817
50.58,2023-06-08 11:33:18.515878
50.0,2023-06-08 11:33:21.515805
51.32,2023-06-08 11:33:24.515894
51.19,2023-06-08 11:33:27.515827
52.22,2023-06-08 11:33:30.515696
51.92,2023-06-08 11:33:33.515747
0.9,2023-06-08 11:33:36.515693
52.97,2023-06-08 11:33:39.515787
51.67,2023-06-08 11:33:42.515677
50.46,2023-06-08 11:33:45.515784
52.05,2023-06-08 11:33:48.515752
51.55,2023-06-08 11:33:51.515621
50.76,2023-06-08 11:33:54.515775
51.37,2023-06-08 11:33:57.515694
50.34,2023-06-08 11:34:00.515620
50.77,2023-06-08 11:34:03.515717
51.36,2023-06-08 11:34:06.515664
51.04,2023-06-08 11:34:09.515712
50.38,2023-06-08 11:34:12.515704
50.64,2023-06-08 11:34:15.515740
50.0,2023-06-08 11:34:18.515634
51.12,2023-06-08 11:34:21.515629
50.3,2023-06-08 11:34:24.515566
50.0,2023-06-08 11:34:27.515505
50.83,2023-06-08 11:34:30.515606
50.96,2023-06-08 11:34:33.515525
50.0,2023-06-08 11:34:36.515603
51.27,2023-06-08 11:34:39.515582
50.0,2023-06-08 11:34:42.515592
50.0,2023-06-08 11:34:45.515565
50.0,2023-06-08 11:34:48.515512
50.69,2023-06-08 11:34:51.515553
50.12,2023-06-08 11:34:54.515522
50.0,2023-06-08 11:34:57.515456
50.0,2023-06-08 11:35:00.515516
51.57,2023-06-08 11:35:03.515455
51.31,2023-06-08 11:35:06.515435
51.67,2023-06-08 11:35:09.515490
51.89,2023-06-08 11:35:12.515467
51.4,2023-06-08 11:35:15.515461
52.03,2023-06-08 11:35:18.515449
51.7,2023-06-08 11:35:21.515597
51.57,2023-06-08 11:35:24.515295
51.73,2023-06-08 11:35:27.515343
51.64,2023-06-08 11:35:30.515393
52.69,2023-06-08 11:35:33.516305
53.36,2023-06-08 11:35:36.515417
53.5,2023-06-08 11:35:39.515379
53.85,2023-06-08 11:35:45.516259
54.23,2023-06-08 11:35:48.516290
56.04,2023-06-08 11:35:51.516251
55.17,2023-06-08 11:35:54.516393
54.96,2023-06-08 11:35:57.516194
55.47,2023-06-08 11:36:00.516182
54.01,2023-06-08 11:36:03.516138
53.65,2023-06-08 11:36:06.516313
53.94,2023-06-08 11:36:09.516207
53.77,2023-06-08 11:36:12.516211
54.47,2023-06-08 11:36:15.516318
53.28,2023-06-08 11:36:18.516260
52.67,2023-06-08 11:36:21.516258
52.79,2023-06-08 11:36:24.516047
2.6,2023-06-08 11:36:27.516186
52.79,2023-06-08 11:36:30.516236
51.19,2023-06-08 11:36:33.516181
48.37,2023-06-08 11:36:36.516146
47.74,2023-06-08 11:36:39.515998
46.37,2023-06-08 11:36:42.516045
47.32,2023-06-08 11:36:45.516101
42.74,2023-06-08 11:36:48.516117
40.36,2023-06-08 11:36:51.516059
38.37,2023-06-08 11:36:54.516158
35.83,2023-06-08 11:36:57.516037
3.7,2023-06-08 11:37:00.515999
32.81,2023-06-08 11:37:03.515939
32.79,2023-06-08 11:37:06.516019
33.47,2023-06-08 11:37:09.516077
34.7,2023-06-08 11:37:12.515954
37.71,2023-06-08 11:37:15.516026
38.14,2023-06-08 11:37:18.515925
38.07,2023-06-08 11:37:21.515959
39.16,2023-06-08 11:37:24.515936
39.65,2023-06-08 11:37:27.516039
38.23,2023-06-08 11:37:30.515994
38.63,2023-06-08 11:37:33.515834
37.71,2023-06-08 11:37:36.515949
36.59,2023-06-08 11:37:39.515880
33.59,2023-06-08 11:37:42.516001
31.23,2023-06-08 11:37:45.515839
27.82,2023-06-08 11:37:48.515857
24.71,2023-06-08 11:37:51.515799
22.35,2023-06-08 11:37:54.515906
23.7,2023-06-08 11:37:57.515832
23.01,2023-06-08 11:38:00.515773
2.53,2023-06-08 11:38:03.515826
23.62,2023-06-08 11:38:06.515780
28.15,2023-06-08 11:38:09.515785
34.9,2023-06-08 11:38:12.515766
41.08,2023-06-08 11:38:15.515778
47.88,2023-06-08 11:38:18.515773
52.58,2023-06-08 11:38:21.515710
58.17,2023-06-08 11:38:24.515737
60.55,2023-06-08 11:38:27.515720
60.37,2023-06-08 11:38:30.515729
59.85,2023-06-08 11:38:33.515720
99.0,2023-06-08 11:38:36.515786
58.79,2023-06-08 11:38:39.515668
57.62,2023-06-08 11:38:42.515695
55.08,2023-06-08 11:38:45.515691
50.0,2023-06-08 11:38:48.515664
44.02,2023-06-08 11:38:51.515681
40.12,2023-06-08 11:38:54.515691
38.31,2023-06-08 11:38:57.515641
35.55,2023-06-08 11:39:00.515586
32.43,2023-06-08 11:39:03.515623
32.01,2023-06-08 11:39:06.515608
32.82,2023-06-08 11:39:09.515864
33.44,2023-06-08 11:39:12.515596
34.55,2023-06-08 11:39:15.515576
36.45,2023-06-08 11:39:18.515535
38.78,2023-06-08 11:39:21.515568
41.25,2023-06-08 11:39:24.515487
43.69,2023-06-08 11:39:27.515543
48.01,2023-06-08 11:39:30.515542
50.0,2023-06-08 11:39:33.515507
51.99,2023-06-08 11:39:36.515462
55.68,2023-06-08 11:39:39.515508
60.03,2023-06-08 11:39:42.515452
65.86,2023-06-08 11:39:45.515463
70.96,2023-06-08 11:39:48.515440
74.77,2023-06-08 11:39:51.515490
78.63,2023-06-08 11:39:54.515447
81.97,2023-06-08 11:39:57.515480
85.15,2023-06-08 11:40:00.515419
87.73,2023-06-08 11:40:03.515373
89.53,2023-06-08 11:40:06.515442
0.6,2023-06-08 11:40:09.515342
89.02,2023-06-08 11:40:12.515393
89.57,2023-06-08 11:40:15.515366
88.82,2023-06-08 11:40:18.515382
87.7,2023-06-08 11:40:21.515325
86.6,2023-06-08 11:40:24.515229
84.77,2023-06-08 11:40:27.515356
85.21,2023-06-08 11:40:30.515284
86.32,2023-06-08 11:40:33.515376
87.49,2023-06-08 11:40:36.515277
89.11,2023-06-08 11:40:39.515255
89.3,2023-06-08 11:40:42.515298
88.89,2023-06-08 11:40:45.515268
90.71,2023-06-08 11:40:48.515252
90.49,2023-06-08 11:40:51.515224
88.99,2023-06-08 11:40:54.515197
91.44,2023-06-08 11:40:57.515252
94.82,2023-06-08 11:41:00.515191
97.4,2023-06-08 11:41:03.515152
98.29,2023-06-08 11:41:06.515133
98.6,2023-06-08 11:41:09.515127
102.33,2023-06-08 11:41:12.515154
104.16,2023-06-08 11:41:15.515208
99.76,2023-06-08 11:41:18.515153
98.25,2023-06-08 11:41:21.515134
96.74,2023-06-08 11:41:24.515133
93.39,2023-06-08 11:41:27.515133
90.8,2023-06-08 11:41:30.515066
86.65,2023-06-08 11:41:33.515043
83.78,2023-06-08 11:41:36.515100
82.2,2023-06-08 11:41:39.515026
81.63,2023-06-08 11:41:42.515054
80.88,2023-06-08 11:41:45.515067
78.75,2023-06-08 11:41:48.515031
78.49,2023-06-08 11:41:51.514963
77.8,2023-06-08 11:41:54.514990
76.97,2023-06-08 11:41:57.514957
73.61,2023-06-08 11:42:00.515006
69.8,2023-06-08 11:42:03.514934
68.15,2023-06-08 11:42:06.514961
67.0,2023-06-08 11:42:09.514961
65.25,2023-06-08 11:42:12.514930
65.02,2023-06-08 11:42:15.514939
64.66,2023-06-08 11:42:18.514850
64.38,2023-06-08 11:42:21.514867
64.61,2023-06-08 11:42:24.514902
65.8,2023-06-08 11:42:27.514868
67.42,2023-06-08 11:42:30.514955
69.03,2023-06-08 11:42:33.514889
70.9,2023-06-08 11:42:36.514839
72.46,2023-06-08 11:42:39.514746
75.49,2023-06-08 11:42:42.514844
75.21,2023-06-08 11:42:45.514778
76.29,2023-06-08 11:42:48.514845
75.89,2023-06-08 11:42:51.514787
76.19,2023-06-08 11:42:54.514775
77.24,2023-06-08 11:42:57.514824
77.71,2023-06-08 11:43:00.514812
81.16,2023-06-08 11:43:03.514758
81.51,2023-06-08 11:43:06.514776
83.31,2023-06-08 11:43:09.514746
85.1,2023-06-08 11:43:12.514782
88.6,2023-06-08 11:43:15.514752
91.88,2023-06-08 11:43:18.514710
95.01,2023-06-08 11:43:21.514727
93.73,2023-06-08 11:43:24.514654
94.54,2023-06-08 11:43:27.514827
95.59,2023-06-08 11:43:30.514686
93.64,2023-06-08 11:43:33.514664
90.42,2023-06-08 11:43:36.514680
86.14,2023-06-08 11:43:39.514596
82.82,2023-06-08 11:43:42.514533
80.32,2023-06-08 11:43:45.514647
78.07,2023-06-08 11:43:48.514568
76.26,2023-06-08 11:43:51.514587
72.53,2023-06-08 11:43:54.514564
70.94,2023-06-08 11:43:57.514581
69.21,2023-06-08 11:44:00.514427
69.04,2023-06-08 11:44:03.514564
68.58,2023-06-08 11:44:06.514569
69.93,2023-06-08 11:44:09.514500
72.02,2023-06-08 11:44:12.514459
75.52,2023-06-08 11:44:15.514501
79.75,2023-06-08 11:44:18.514493
83.35,2023-06-08 11:44:21.514470
85.13,2023-06-08 11:44:24.514447
85.21,2023-06-08 11:44:27.514416
85.07,2023-06-08 11:44:30.514381
85.88,2023-06-08 11:44:36.514445
85.19,2023-06-08 11:44:39.514366
84.86,2023-06-08 11:44:42.514417
87.24,2023-06-08 11:44:45.514486
87.37,2023-06-08 11:44:48.514375
85.24,2023-06-08 11:44:51.514464
85.46,2023-06-08 11:44:54.514319
85.36,2023-06-08 11:44:57.514345
86.02,2023-06-08 11:45:00.514413
85.39,2023-06-08 11:45:03.514381
85.73,2023-06-08 11:45:06.515258
86.09,2023-06-08 11:45:09.514293
84.65,2023-06-08 11:45:12.514343
82.46,2023-06-08 11:45:15.514191
79.31,2023-06-08 11:45:18.514291
78.24,2023-06-08 11:45:21.515133
75.41,2023-06-08 11:45:24.515149
75.55,2023-06-08 11:45:27.515161
73.15,2023-06-08 11:45:30.515086
73.28,2023-06-08 11:45:33.515087
71.76,2023-06-08 11:45:36.515119
69.61,2023-06-08 11:45:39.515093
69.27,2023-06-08 11:45:42.515204
69.71,2023-06-08 11:45:45.515151
70.09,2023-06-08 11:45:48.515206
70.65,2023-06-08 11:45:51.515071
69.18,2023-06-08 11:45:54.515079
70.66,2023-06-08 11:45:57.515094
70.81,2023-06-08 11:46:00.515133
80.34,2023-06-08 11:46:06.515157
85.72,2023-06-08 11:46:09.515042
89.57,2023-06-08 11:46:12.515107
89.86,2023-06-08 11:46:15.514972
86.69,2023-06-08 11:46:18.515117
82.68,2023-06-08 11:46:21.515097
80.13,2023-06-08 11:46:24.514950
80.28,2023-06-08 11:46:27.515066
80.19,2023-06-08 11:46:30.514959
80.11,2023-06-08 11:46:33.514950
80.22,2023-06-08 11:46:36.514887
80.93,2023-06-08 11:46:39.514945
79.71,2023-06-08 11:46:42.514929
79.79,2023-06-08 11:46:45.514954
81.71,2023-06-08 11:46:48.514834
81.9,2023-06-08 11:46:51.514830
82.77,2023-06-08 11:46:54.514931
84.43,2023-06-08 11:46:57.514979
84.28,2023-06-08 11:47:00.514823
5.7,2023-06-08 11:47:03.514898
85.81,2023-06-08 11:47:06.514876
87.28,2023-06-08 11:47:12.514839
86.44,2023-06-08 11:47:15.514931
82.11,2023-06-08 11:47:18.514815
78.04,2023-06-08 11:47:21.514874
76.4,2023-06-08 11:47:24.514706
72.69,2023-06-08 11:47:27.514864
70.31,2023-06-08 11:47:30.514724
69.62,2023-06-08 11:47:33.514672
67.85,2023-06-08 11:47:36.514848
68.69,2023-06-08 11:47:39.514736
70.31,2023-06-08 11:47:42.514696
71.79,2023-06-08 11:47:45.514623
7.7,2023-06-08 11:47:48.514811
74.16,2023-06-08 11:47:51.514730
77.19,2023-06-08 11:47:54.514631
7.5,2023-06-08 11:47:57.514762
78.89,2023-06-08 11:48:00.514692
80.09,2023-06-08 11:48:03.514661
0.34,2023-06-08 11:48:06.514602
88.45,2023-06-08 11:48:09.514558
87.95,2023-06-08 11:48:12.514592
84.02,2023-06-08 11:48:15.514620
81.22,2023-06-08 11:48:18.514587
79.69,2023-06-08 11:48:21.514688
79.79,2023-06-08 11:48:24.514609
79.54,2023-06-08 11:48:27.514560
80.13,2023-06-08 11:48:30.514534
81.9,2023-06-08 11:48:33.514612
22.0,2023-06-08 11:48:36.514657
86.7,2023-06-08 11:48:42.514594
0.5,2023-06-08 11:48:45.514416
88.76,2023-06-08 11:48:48.514511
90.12,2023-06-08 11:48:51.514551
90.82,2023-06-08 11:48:54.514453
88.88,2023-06-08 11:48:57.514487
87.36,2023-06-08 11:49:00.514435
83.13,2023-06-08 11:49:03.514531
81.37,2023-06-08 11:49:06.514454
80.49,2023-06-08 11:49:09.514426
78.6,2023-06-08 11:49:12.514427
78.4,2023-06-08 11:49:15.514364
77.28,2023-06-08 11:49:18.514392
76.55,2023-06-08 11:49:21.514342
77.15,2023-06-08 11:49:24.514427
75.98,2023-06-08 11:49:27.514394
75.2,2023-06-08 11:49:30.514374
73.27,2023-06-08 11:49:33.514279
72.21,2023-06-08 11:49:36.514233
70.94,2023-06-08 11:49:39.514362
70.0,2023-06-08 11:49:42.514387
68.84,2023-06-08 11:49:45.514337
68.3,2023-06-08 11:49:48.514311
69.25,2023-06-08 11:49:51.514280
69.46,2023-06-08 11:49:54.514232
72.33,2023-06-08 11:49:57.514340
75.09,2023-06-08 11:50:00.514283
76.72,2023-06-08 11:50:03.514274
79.17,2023-06-08 11:50:06.514257
81.72,2023-06-08 11:50:09.514198
82.78,2023-06-08 11:50:12.514216
83.1,2023-06-08 11:50:15.514200
83.67,2023-06-08 11:50:18.514099
86.14,2023-06-08 11:50:21.514184
89.08,2023-06-08 11:50:24.514150
91.3,2023-06-08 11:50:27.514132
91.81,2023-06-08 11:50:30.514116
92.72,2023-06-08 11:50:33.514178
91.57,2023-06-08 11:50:36.514130
89.94,2023-06-08 11:50:39.513995
88.91,2023-06-08 11:50:42.514096
85.84,2023-06-08 11:50:45.514065
83.55,2023-06-08 11:50:48.514039
81.75,2023-06-08 11:50:51.514046
82.86,2023-06-08 11:50:54.514025
82.93,2023-06-08 11:50:57.513962
83.43,2023-06-08 11:51:00.514033
84.2,2023-06-08 11:51:03.513944
85.78,2023-06-08 11:51:06.514015
85.21,2023-06-08 11:51:09.514003
85.63,2023-06-08 11:51:12.513928
84.41,2023-06-08 11:51:15.513976
82.1,2023-06-08 11:51:18.513962
81.1,2023-06-08 11:51:21.513894
80.25,2023-06-08 11:51:24.513833
80.1,2023-06-08 11:51:27.513953
78.21,2023-06-08 11:51:30.513931
78.49,2023-06-08 11:51:33.513883
77.02,2023-06-08 11:51:36.513878
77.95,2023-06-08 11:51:39.513881
81.08,2023-06-08 11:51:42.513870
83.39,2023-06-08 11:51:45.513845
84.49,2023-06-08 11:51:48.513842
85.86,2023-06-08 11:51:51.513847
85.53,2023-06-08 11:51:54.513751
86.89,2023-06-08 11:51:57.513857
85.95,2023-06-08 11:52:00.513861
86.4,2023-06-08 11:52:03.513725
84.32,2023-06-08 11:52:06.513717
85.56,2023-06-08 11:52:09.513769
85.57,2023-06-08 11:52:12.513668
86.02,2023-06-08 11:52:15.513719
87.2,2023-06-08 11:52:18.513705
90.26,2023-06-08 11:52:21.513648
93.17,2023-06-08 11:52:24.513707
97.33,2023-06-08 11:52:27.513674
98.26,2023-06-08 11:52:30.513735
99.14,2023-06-08 11:52:33.513656
99.35,2023-06-08 11:52:36.513722
99.28,2023-06-08 11:52:39.513685
98.38,2023-06-08 11:52:42.513592
97.58,2023-06-08 11:52:45.513582
95.95,2023-06-08 11:52:48.513605
93.46,2023-06-08 11:52:51.513535
90.08,2023-06-08 11:52:54.513614
87.26,2023-06-08 11:52:57.513502
83.9,2023-06-08 11:53:00.513645
79.85,2023-06-08 11:53:03.513594
76.93,2023-06-08 11:53:06.513536
75.41,2023-06-08 11:53:09.513541
73.21,2023-06-08 11:53:12.513502
71.05,2023-06-08 11:53:15.513558
70.52,2023-06-08 11:53:18.513519
71.24,2023-06-08 11:53:21.513469
72.3,2023-06-08 11:53:24.513509
74.82,2023-06-08 11:53:27.513473
75.33,2023-06-08 11:53:30.513426
74.91,2023-06-08 11:53:33.513456
75.78,2023-06-08 11:53:36.513338
75.16,2023-06-08 11:53:39.513414
75.75,2023-06-08 11:53:42.513409
75.99,2023-06-08 11:53:45.513355
78.22,2023-06-08 11:53:48.513377
78.29,2023-06-08 11:53:51.513385
81.28,2023-06-08 11:53:54.513374
82.65,2023-06-08 11:53:57.513334
85.08,2023-06-08 11:54:00.513506
83.33,2023-06-08 11:54:03.513385
83.57,2023-06-08 11:54:06.513249
84.19,2023-06-08 11:54:09.513345
84.43,2023-06-08 11:54:12.513232
83.83,2023-06-08 11:54:15.513328
84.8,2023-06-08 11:54:18.513245
85.54,2023-06-08 11:54:21.513299
85.54,2023-06-08 11:54:24.513286
86.28,2023-06-08 11:54:27.513271
88.82,2023-06-08 11:54:30.513351
90.55,2023-06-08 11:54:33.513208
90.18,2023-06-08 11:54:36.513142
91.78,2023-06-08 11:54:39.513276
93.29,2023-06-08 11:54:42.513185
95.49,2023-06-08 11:54:45.513165
96.49,2023-06-08 11:54:48.513227
98.8,2023-06-08 11:54:51.513216
99.05,2023-06-08 11:54:54.513157
101.27,2023-06-08 11:54:57.513112
102.39,2023-06-08 11:55:00.513154
104.12,2023-06-08 11:55:03.513122
104.32,2023-06-08 11:55:06.513083
102.98,2023-06-08 11:55:09.513150
103.03,2023-06-08 11:55:12.514110
104.04,2023-06-08 11:55:15.514009
107.83,2023-06-08 11:55:18.514116
110.1,2023-06-08 11:55:21.513986
110.27,2023-06-08 11:55:24.514134
108.68,2023-06-08 11:55:27.513930
110.12,2023-06-08 11:55:30.513895
110.67,2023-06-08 11:55:33.513917
11.37,2023-06-08 11:55:36.513932
111.01,2023-06-08 11:55:39.513919
109.23,2023-06-08 11:55:42.514041
108.76,2023-06-08 11:55:45.513820
107.34,2023-06-08 11:55:48.513826
106.23,2023-06-08 11:55:51.513983
107.12,2023-06-08 11:55:54.514050
107.46,2023-06-08 11:55:57.513806
103.98,2023-06-08 11:56:00.513950
98.88,2023-06-08 11:56:03.512895
94.66,2023-06-08 11:56:06.513835
90.16,2023-06-08 11:56:09.512886
87.12,2023-06-08 11:56:12.512894
84.96,2023-06-08 11:56:15.513763
82.06,2023-06-08 11:56:18.513907
80.6,2023-06-08 11:56:21.513784
79.8,2023-06-08 11:56:24.513636
80.0,2023-06-08 11:56:27.513818
80.51,2023-06-08 11:56:30.513627
82.08,2023-06-08 11:56:33.513778
83.79,2023-06-08 11:56:36.513631
84.92,2023-06-08 11:56:39.513809
86.94,2023-06-08 11:56:42.513714
87.34,2023-06-08 11:56:45.513619
88.37,2023-06-08 11:56:48.513742
89.95,2023-06-08 11:56:51.513726
89.4,2023-06-08 11:56:54.513734
88.22,2023-06-08 11:56:57.513623
86.62,2023-06-08 11:57:00.513721
85.56,2023-06-08 11:57:03.513573
86.46,2023-06-08 11:57:06.513640
88.62,2023-06-08 11:57:09.513661
90.34,2023-06-08 11:57:18.513509
91.29,2023-06-08 11:57:21.513641
93.09,2023-06-08 11:57:24.513627
93.73,2023-06-08 11:57:27.513606
94.17,2023-06-08 11:57:30.513508
94.64,2023-06-08 11:57:33.513600
93.97,2023-06-08 11:57:36.513414
91.38,2023-06-08 11:57:39.513522
86.92,2023-06-08 11:57:42.513545
5.3,2023-06-08 11:57:45.513510
83.02,2023-06-08 11:57:48.513514
75.98,2023-06-08 11:57:57.513571
74.56,2023-06-08 11:58:00.513445
73.55,2023-06-08 11:58:03.513464
73.12,2023-06-08 11:58:06.513306
74.71,2023-06-08 11:58:09.513417
74.8,2023-06-08 11:58:12.513423
74.16,2023-06-08 11:58:15.513388
74.11,2023-06-08 11:58:18.513391
74.83,2023-06-08 11:58:21.513265
71.99,2023-06-08 11:58:24.513334
67.76,2023-06-08 11:58:27.513320
64.87,2023-06-08 11:58:30.513234
61.67,2023-06-08 11:58:33.513392
57.47,2023-06-08 11:58:36.513219
54.54,2023-06-08 11:58:39.513241
52.24,2023-06-08 11:58:42.513219
50.75,2023-06-08 11:58:45.513370
50.0,2023-06-08 11:58:48.513282
50.0,2023-06-08 11:58:51.513197
50.72,2023-06-08 11:58:54.513160
51.19,2023-06-08 11:58:57.513198
53.94,2023-06-08 11:59:00.513180
54.23,2023-06-08 11:59:03.513223
54.42,2023-06-08 11:59:06.513126
54.13,2023-06-08 11:59:09.513125
55.79,2023-06-08 11:59:12.513149
54.1,2023-06-08 11:59:15.513087
51.76,2023-06-08 11:59:18.513071
50.0,2023-06-08 11:59:21.513075
50.4,2023-06-08 11:59:24.513132
51.12,2023-06-08 11:59:27.513030
54.03,2023-06-08 11:59:30.513089
54.01,2023-06-08 11:59:33.513144
54.22,2023-06-08 11:59:36.513015
51.14,2023-06-08 11:59:39.513006
1.0,2023-06-08 11:59:42.513110
54.75,2023-06-08 11:59:48.513036
58.07,2023-06-08 11:59:51.512933
60.02,2023-06-08 11:59:54.513021
62.06,2023-06-08 11:59:57.512921
63.76,2023-06-08 12:00:00.512913
67.67,2023-06-08 12:00:03.512924
70.71,2023-06-08 12:00:06.512971
76.7,2023-06-08 12:00:09.513060
82.27,2023-06-08 12:00:12.512960
85.12,2023-06-08 12:00:15.512999
86.44,2023-06-08 12:00:18.512929
85.3,2023-06-08 12:00:21.512880
84.33,2023-06-08 12:00:24.512839
82.82,2023-06-08 12:00:27.512867
83.05,2023-06-08 12:00:30.512875
83.33,2023-06-08 12:00:33.512903
83.78,2023-06-08 12:00:36.512846
84.99,2023-06-08 12:00:39.512771
86.55,2023-06-08 12:00:42.512810
86.24,2023-06-08 12:00:45.512811
85.6,2023-06-08 12:00:48.512740
86.18,2023-06-08 12:00:51.512796
85.82,2023-06-08 12:00:54.512733
87.07,2023-06-08 12:00:57.512739
88.14,2023-06-08 12:01:00.512731
89.27,2023-06-08 12:01:03.512704
89.47,2023-06-08 12:01:06.512742
89.86,2023-06-08 12:01:09.512732
90.05,2023-06-08 12:01:12.512685
90.11,2023-06-08 12:01:15.512756
92.43,2023-06-08 12:01:18.512673
93.4,2023-06-08 12:01:21.512597
97.31,2023-06-08 12:01:27.512612
99.55,2023-06-08 12:01:30.512903
100.06,2023-06-08 12:01:33.512602
101.84,2023-06-08 12:01:36.512601
103.28,2023-06-08 12:01:39.512620
104.19,2023-06-08 12:01:42.512515
106.23,2023-06-08 12:01:45.512573
107.85,2023-06-08 12:01:48.512547
108.1,2023-06-08 12:01:51.512555
108.61,2023-06-08 12:01:54.512523
107.47,2023-06-08 12:01:57.512437
106.92,2023-06-08 12:02:00.512480
103.88,2023-06-08 12:02:03.512509
102.41,2023-06-08 12:02:06.512484
100.19,2023-06-08 12:02:09.512485
97.93,2023-06-08 12:02:12.512463
96.43,2023-06-08 12:02:15.512434
94.85,2023-06-08 12:02:18.512373
92.47,2023-06-08 12:02:21.512440
89.58,2023-06-08 12:02:24.512403
87.44,2023-06-08 12:02:27.512325
85.97,2023-06-08 12:02:30.512261
85.06,2023-06-08 12:02:33.512363
85.64,2023-06-08 12:02:36.512342
86.45,2023-06-08 12:02:39.512322
88.63,2023-06-08 12:02:42.512403
89.25,2023-06-08 12:02:45.512207
91.29,2023-06-08 12:02:48.512286
93.51,2023-06-08 12:02:51.512174
93.56,2023-06-08 12:02:54.512365
93.97,2023-06-08 12:02:57.512279
93.4,2023-06-08 12:03:00.512221
95.49,2023-06-08 12:03:06.512219
97.02,2023-06-08 12:03:09.512227
96.89,2023-06-08 12:03:12.512224
98.53,2023-06-08 12:03:15.512187
99.96,2023-06-08 12:03:18.512220
100.36,2023-06-08 12:03:21.512189
102.19,2023-06-08 12:03:24.512154
102.13,2023-06-08 12:03:27.512103
103.02,2023-06-08 12:03:30.512138
10.31,2023-06-08 12:03:33.512058
102.48,2023-06-08 12:03:36.512138
103.4,2023-06-08 12:03:39.512053
104.21,2023-06-08 12:03:42.512119
105.4,2023-06-08 12:03:45.512093
107.0,2023-06-08 12:03:48.512021
109.61,2023-06-08 12:03:51.512083
111.56,2023-06-08 12:03:54.512037
111.72,2023-06-08 12:03:57.512027
112.73,2023-06-08 12:04:00.512057
113.46,2023-06-08 12:04:03.512035
114.25,2023-06-08 12:04:06.511994
114.95,2023-06-08 12:04:09.511993
118.09,2023-06-08 12:04:12.512009
119.37,2023-06-08 12:04:15.512027
11.68,2023-06-08 12:04:18.512067
119.97,2023-06-08 12:04:24.511906
119.66,2023-06-08 12:04:27.511968
119.0,2023-06-08 12:04:30.511904
119.16,2023-06-08 12:04:33.511857
120.29,2023-06-08 12:04:36.511883
121.09,2023-06-08 12:04:39.511819
121.5,2023-06-08 12:04:42.511906
122.07,2023-06-08 12:04:45.511831
122.9,2023-06-08 12:04:48.511881
124.03,2023-06-08 12:04:51.511809
124.64,2023-06-08 12:04:54.511781
125.04,2023-06-08 12:04:57.511820
125.31,2023-06-08 12:05:00.511782
126.91,2023-06-08 12:05:03.511740
126.69,2023-06-08 12:05:06.511793
127.07,2023-06-08 12:05:09.511775
127.16,2023-06-08 12:05:12.511667
126.61,2023-06-08 12:05:15.511823
123.64,2023-06-08 12:05:18.511737
121.22,2023-06-08 12:05:21.511718
117.76,2023-06-08 12:05:24.511761
116.08,2023-06-08 12:05:27.511650
114.88,2023-06-08 12:05:30.511888
114.05,2023-06-08 12:05:33.511685
113.06,2023-06-08 12:05:36.511655
111.0,2023-06-08 12:05:39.511641
0.24,2023-06-08 12:05:42.511545
109.35,2023-06-08 12:05:45.511609
107.71,2023-06-08 12:05:48.511630
107.18,2023-06-08 12:05:51.511623
105.33,2023-06-08 12:05:54.511491
105.7,2023-06-08 12:05:57.511526
106.24,2023-06-08 12:06:00.511593
106.76,2023-06-08 12:06:03.511529
108.42,2023-06-08 12:06:06.512611
108.94,2023-06-08 12:06:09.511524
109.56,2023-06-08 12:06:12.512364
112.0,2023-06-08 12:06:15.512614
114.05,2023-06-08 12:06:18.512524
115.69,2023-06-08 12:06:21.512484
117.47,2023-06-08 12:06:24.512341
11.34,2023-06-08 12:06:27.512425
1.0,2023-06-08 12:06:30.512321
122.89,2023-06-08 12:06:36.512500
119.82,2023-06-08 12:06:39.512436
120.51,2023-06-08 12:06:42.512431
122.46,2023-06-08 12:06:45.512272
118.93,2023-06-08 12:06:48.512408
117.56,2023-06-08 12:06:51.512260
117.4,2023-06-08 12:06:54.512383
118.78,2023-06-08 12:06:57.512388
121.64,2023-06-08 12:07:00.512211
121.59,2023-06-08 12:07:06.512332
123.36,2023-06-08 12:07:09.512186
122.52,2023-06-08 12:07:12.512286
120.18,2023-06-08 12:07:15.512342
120.16,2023-06-08 12:07:18.512214
119.25,2023-06-08 12:07:21.512220
116.27,2023-06-08 12:07:24.512162
118.96,2023-06-08 12:07:27.512168
120.64,2023-06-08 12:07:30.512165
121.77,2023-06-08 12:07:33.512234
123.1,2023-06-08 12:07:36.512089
121.97,2023-06-08 12:07:39.512238
124.03,2023-06-08 12:07:42.512221
124.59,2023-06-08 12:07:45.512125
125.07,2023-06-08 12:07:48.512137
123.1,2023-06-08 12:07:51.511978
119.56,2023-06-08 12:07:54.512029
119.99,2023-06-08 12:07:57.512162
121.54,2023-06-08 12:08:00.512144
120.75,2023-06-08 12:08:03.512016
116.89,2023-06-08 12:08:06.512086
114.31,2023-06-08 12:08:12.512142
112.44,2023-06-08 12:08:15.512093
113.44,2023-06-08 12:08:18.512032
111.55,2023-06-08 12:08:21.511889
106.42,2023-06-08 12:08:24.511993
107.72,2023-06-08 12:08:27.511987
106.66,2023-06-08 12:08:30.511885
108.08,2023-06-08 12:08:33.511979
106.94,2023-06-08 12:08:36.511995
106.5,2023-06-08 12:08:39.511874
110.45,2023-06-08 12:08:42.511914
110.3,2023-06-08 12:08:45.511941
112.83,2023-06-08 12:08:48.511815
112.25,2023-06-08 12:08:51.511916
116.2,2023-06-08 12:08:54.511883
114.73,2023-06-08 12:08:57.511814
116.34,2023-06-08 12:09:00.511748
117.44,2023-06-08 12:09:03.511834
116.83,2023-06-08 12:09:06.511764
118.26,2023-06-08 12:09:09.511780
1.2,2023-06-08 12:09:12.511890
121.75,2023-06-08 12:09:15.511786
121.26,2023-06-08 12:09:18.511687
122.57,2023-06-08 12:09:21.511818
13.2,2023-06-08 12:09:24.511816
123.72,2023-06-08 12:09:27.511671
121.61,2023-06-08 12:09:30.511690
126.47,2023-06-08 12:09:33.511708
129.76,2023-06-08 12:09:36.511653
133.93,2023-06-08 12:09:39.511687
133.41,2023-06-08 12:09:42.511651
132.11,2023-06-08 12:09:45.511628
135.87,2023-06-08 12:09:48.511624
135.09,2023-06-08 12:09:51.511642
133.01,2023-06-08 12:09:54.511522
129.86,2023-06-08 12:09:57.511586
132.83,2023-06-08 12:10:00.511616
136.69,2023-06-08 12:10:03.511658
139.99,2023-06-08 12:10:06.511587
136.69,2023-06-08 12:10:09.511693
132.62,2023-06-08 12:10:12.511567
129.04,2023-06-08 12:10:15.511545
127.18,2023-06-08 12:10:18.511548
124.75,2023-06-08 12:10:21.511542
124.28,2023-06-08 12:10:24.511404
123.51,2023-06-08 12:10:27.511492
122.1,2023-06-08 12:10:30.511512
121.42,2023-06-08 12:10:33.511430
121.5,2023-06-08 12:10:36.511393
123.12,2023-06-08 12:10:39.511462
123.74,2023-06-08 12:10:42.511397
124.7,2023-06-08 12:10:45.511362
128.45,2023-06-08 12:10:48.511395
127.68,2023-06-08 12:10:51.511410
126.8,2023-06-08 12:10:54.511373
128.16,2023-06-08 12:10:57.511433
129.3,2023-06-08 12:11:00.511301
130.17,2023-06-08 12:11:03.511368
129.84,2023-06-08 12:11:06.511372
129.82,2023-06-08 12:11:09.511380
130.32,2023-06-08 12:11:12.511304
130.44,2023-06-08 12:11:15.511247
131.45,2023-06-08 12:11:18.511258
132.05,2023-06-08 12:11:21.511226
136.05,2023-06-08 12:11:24.511271
136.35,2023-06-08 12:11:27.511140
138.46,2023-06-08 12:11:30.511178
138.3,2023-06-08 12:11:33.511247
136.87,2023-06-08 12:11:36.511194
135.53,2023-06-08 12:11:39.511217
135.83,2023-06-08 12:11:42.511174
136.94,2023-06-08 12:11:51.511160
137.21,2023-06-08 12:11:54.511141
135.9,2023-06-08 12:11:57.511100
135.92,2023-06-08 12:12:00.511120
135.3,2023-06-08 12:12:03.511074
136.35,2023-06-08 12:12:06.511029
136.99,2023-06-08 12:12:09.511060
136.36,2023-06-08 12:12:15.511039
138.7,2023-06-08 12:12:18.510933
138.37,2023-06-08 12:12:21.511055
137.21,2023-06-08 12:12:24.511002
136.01,2023-06-08 12:12:27.510988
136.06,2023-06-08 12:12:30.511007
136.68,2023-06-08 12:12:33.510955
135.02,2023-06-08 12:12:36.510973
134.06,2023-06-08 12:12:39.510912
133.19,2023-06-08 12:12:42.510884
134.88,2023-06-08 12:12:45.510936
134.99,2023-06-08 12:12:48.510826
135.42,2023-06-08 12:12:51.510946
134.81,2023-06-08 12:12:54.510877
134.33,2023-06-08 12:12:57.510928
134.22,2023-06-08 12:13:00.510809
131.99,2023-06-08 12:13:03.510744
132.1,2023-06-08 12:13:06.510885
130.75,2023-06-08 12:13:09.510826
130.06,2023-06-08 12:13:12.510806
127.89,2023-06-08 12:13:15.510798
127.35,2023-06-08 12:13:18.510712
126.54,2023-06-08 12:13:21.510818
125.5,2023-06-08 12:13:24.510789
125.72,2023-06-08 12:13:27.510833
126.66,2023-06-08 12:13:30.510740
128.52,2023-06-08 12:13:33.510780
129.58,2023-06-08 12:13:36.510634
127.61,2023-06-08 12:13:39.510944
124.18,2023-06-08 12:13:42.510703
122.08,2023-06-08 12:13:45.510666
119.85,2023-06-08 12:13:48.510724
119.39,2023-06-08 12:13:51.510621
118.84,2023-06-08 12:13:54.510563
120.21,2023-06-08 12:13:57.510547
120.73,2023-06-08 12:14:00.510546
121.62,2023-06-08 12:14:03.510608
12.62,2023-06-08 12:14:06.510562
126.38,2023-06-08 12:14:09.510633
127.24,2023-06-08 12:14:12.510488
129.48,2023-06-08 12:14:15.510497
130.14,2023-06-08 12:14:18.510532
129.44,2023-06-08 12:14:21.510486
130.47,2023-06-08 12:14:24.510528
130.31,2023-06-08 12:14:27.510543
128.92,2023-06-08 12:14:30.510391
128.66,2023-06-08 12:14:33.510355
129.46,2023-06-08 12:14:36.510492
131.12,2023-06-08 12:14:39.510375
131.93,2023-06-08 12:14:42.510492
131.19,2023-06-08 12:14:45.510428
130.79,2023-06-08 12:14:48.511299
131.9,2023-06-08 12:14:51.511462
131.66,2023-06-08 12:14:54.511323
132.05,2023-06-08 12:14:57.511416
132.18,2023-06-08 12:15:00.511423
133.12,2023-06-08 12:15:03.511323
135.29,2023-06-08 12:15:06.511380
134.83,2023-06-08 12:15:09.511380
135.35,2023-06-08 12:15:12.511268
136.55,2023-06-08 12:15:15.511396
138.47,2023-06-08 12:15:18.511352
137.86,2023-06-08 12:15:21.511154
136.47,2023-06-08 12:15:24.511319
137.06,2023-06-08 12:15:27.511322
137.75,2023-06-08 12:15:30.511184
136.27,2023-06-08 12:15:33.511291
135.81,2023-06-08 12:15:36.511115
135.74,2023-06-08 12:15:39.511283
135.68,2023-06-08 12:15:42.511058
136.34,2023-06-08 12:15:45.511245
135.98,2023-06-08 12:15:48.511249
136.16,2023-06-08 12:15:51.511198
136.97,2023-06-08 12:15:54.511189
137.67,2023-06-08 12:15:57.511167
139.12,2023-06-08 12:16:00.511016
138.43,2023-06-08 12:16:03.511077
138.69,2023-06-08 12:16:06.511044
139.15,2023-06-08 12:16:09.511139
138.5,2023-06-08 12:16:12.511088
139.45,2023-06-08 12:16:15.511145
138.88,2023-06-08 12:16:18.511019
136.97,2023-06-08 12:16:21.511056
136.67,2023-06-08 12:16:24.511067
137.19,2023-06-08 12:16:27.511046
137.3,2023-06-08 12:16:30.510964
138.66,2023-06-08 12:16:33.511033
139.45,2023-06-08 12:16:36.510980
139.59,2023-06-08 12:16:39.510958
140.85,2023-06-08 12:16:42.510921
142.54,2023-06-08 12:16:45.510940
142.6,2023-06-08 12:16:48.510943
142.4,2023-06-08 12:16:51.510853
142.43,2023-06-08 12:16:54.510964
141.25,2023-06-08 12:16:57.510946
142.54,2023-06-08 12:17:00.510926
143.57,2023-06-08 12:17:03.510893
144.29,2023-06-08 12:17:06.510837
144.8,2023-06-08 12:17:09.510908
49.0,2023-06-08 12:17:12.510708
147.85,2023-06-08 12:17:18.510755
148.93,2023-06-08 12:17:21.510735
150.25,2023-06-08 12:17:24.510628
150.29,2023-06-08 12:17:27.510665
150.05,2023-06-08 12:17:30.510732
148.48,2023-06-08 12:17:33.510770
146.99,2023-06-08 12:17:36.510711
146.52,2023-06-08 12:17:39.510674
145.78,2023-06-08 12:17:42.510669
145.68,2023-06-08 12:17:45.510687
144.53,2023-06-08 12:17:48.510646
145.0,2023-06-08 12:17:51.510662
145.07,2023-06-08 12:17:54.510625
144.33,2023-06-08 12:17:57.510558
143.86,2023-06-08 12:18:00.510670
144.82,2023-06-08 12:18:03.510621
145.49,2023-06-08 12:18:06.510665
145.71,2023-06-08 12:18:09.510573
146.58,2023-06-08 12:18:12.510493
146.63,2023-06-08 12:18:15.510586
143.87,2023-06-08 12:18:21.510521
144.63,2023-06-08 12:18:24.510490
145.69,2023-06-08 12:18:27.510511
146.04,2023-06-08 12:18:30.510461
145.83,2023-06-08 12:18:33.510528
146.65,2023-06-08 12:18:36.510534
147.06,2023-06-08 12:18:39.510483
146.92,2023-06-08 12:18:42.510447
146.94,2023-06-08 12:18:45.510415
147.09,2023-06-08 12:18:48.510419
147.44,2023-06-08 12:18:51.510409
147.12,2023-06-08 12:18:54.510416
146.34,2023-06-08 12:18:57.510345
146.54,2023-06-08 12:19:00.510381
144.45,2023-06-08 12:19:03.510360
140.72,2023-06-08 12:19:06.510280
139.77,2023-06-08 12:19:09.510315
139.17,2023-06-08 12:19:12.510288
139.35,2023-06-08 12:19:15.510287
139.35,2023-06-08 12:19:18.510287
138.36,2023-06-08 12:19:21.510257
138.82,2023-06-08 12:19:24.510308
140.63,2023-06-08 12:19:27.510398
139.77,2023-06-08 12:19:30.510274
139.74,2023-06-08 12:19:33.510255
9.0,2023-06-08 12:19:36.510163
139.6,2023-06-08 12:19:39.510193
140.02,2023-06-08 12:19:42.510201
137.85,2023-06-08 12:19:45.510209
136.49,2023-06-08 12:19:48.510197
137.11,2023-06-08 12:19:51.510115
136.43,2023-06-08 12:19:54.510100
136.48,2023-06-08 12:19:57.510150
137.39,2023-06-08 12:20:00.510088
137.9,2023-06-08 12:20:03.510104
134.55,2023-06-08 12:20:06.510120
129.87,2023-06-08 12:20:09.510003
128.41,2023-06-08 12:20:12.510083
128.22,2023-06-08 12:20:15.510040
130.52,2023-06-08 12:20:18.510041
132.89,2023-06-08 12:20:21.509943
135.55,2023-06-08 12:20:24.510010
137.53,2023-06-08 12:20:27.509985
138.9,2023-06-08 12:20:30.510008
140.12,2023-06-08 12:20:33.509961
141.93,2023-06-08 12:20:36.510012
143.11,2023-06-08 12:20:39.509980
144.45,2023-06-08 12:20:42.509892
146.14,2023-06-08 12:20:45.509916
147.36,2023-06-08 12:20:48.509937
149.36,2023-06-08 12:20:51.510001
148.4,2023-06-08 12:20:54.509896
150.15,2023-06-08 12:20:57.509872
152.08,2023-06-08 12:21:00.509858
152.04,2023-06-08 12:21:03.509854
153.57,2023-06-08 12:21:06.509832
154.91,2023-06-08 12:21:09.509866
154.71,2023-06-08 12:21:12.509847
155.68,2023-06-08 12:21:15.509783
155.58,2023-06-08 12:21:18.509797
155.02,2023-06-08 12:21:21.509789
153.01,2023-06-08 12:21:24.509775
152.14,2023-06-08 12:21:27.509818
151.6,2023-06-08 12:21:30.509717
150.72,2023-06-08 12:21:33.509703
148.69,2023-06-08 12:21:36.509753
148.87,2023-06-08 12:21:39.509655
149.25,2023-06-08 12:21:42.509728
148.66,2023-06-08 12:21:45.509772
147.43,2023-06-08 12:21:48.509670
145.69,2023-06-08 12:21:51.509628
145.01,2023-06-08 12:21:54.509668
144.06,2023-06-08 12:21:57.509627
141.82,2023-06-08 12:22:00.509566
139.04,2023-06-08 12:22:03.509602
133.61,2023-06-08 12:22:06.510637
133.11,2023-06-08 12:22:09.509576
132.52,2023-06-08 12:22:12.509569
136.28,2023-06-08 12:22:15.509535
137.02,2023-06-08 12:22:18.510583
139.9,2023-06-08 12:22:21.510399
142.25,2023-06-08 12:22:24.510548
144.76,2023-06-08 12:22:27.510417
145.93,2023-06-08 12:22:30.510475
146.02,2023-06-08 12:22:33.510369
147.18,2023-06-08 12:22:36.510435
147.09,2023-06-08 12:22:39.510510
146.61,2023-06-08 12:22:42.510370
146.96,2023-06-08 12:22:45.510360
148.43,2023-06-08 12:22:48.510313
147.16,2023-06-08 12:22:51.510324
148.1,2023-06-08 12:22:54.510467
149.54,2023-06-08 12:22:57.510387
150.61,2023-06-08 12:23:00.510452
151.72,2023-06-08 12:23:03.510270
152.0,2023-06-08 12:23:06.510321
151.29,2023-06-08 12:23:09.510364
151.45,2023-06-08 12:23:12.510216
154.04,2023-06-08 12:23:15.510198
154.1,2023-06-08 12:23:18.510164
154.11,2023-06-08 12:23:21.510333
154.12,2023-06-08 12:23:24.510316
155.66,2023-06-08 12:23:27.510153
159.61,2023-06-08 12:23:30.510182
163.49,2023-06-08 12:23:33.510179
164.84,2023-06-08 12:23:36.510276
163.2,2023-06-08 12:23:39.510239
161.24,2023-06-08 12:23:42.510151
159.91,2023-06-08 12:23:45.510094
159.53,2023-06-08 12:23:48.510187
157.7,2023-06-08 12:23:51.510205
156.38,2023-06-08 12:23:54.510086
154.46,2023-06-08 12:23:57.510137
154.44,2023-06-08 12:24:00.510060
154.63,2023-06-08 12:24:03.510081
156.32,2023-06-08 12:24:06.510038
156.16,2023-06-08 12:24:09.510025
157.12,2023-06-08 12:24:12.510101
157.86,2023-06-08 12:24:15.510119
158.43,2023-06-08 12:24:18.509984
160.12,2023-06-08 12:24:21.510078
162.81,2023-06-08 12:24:24.509909
163.62,2023-06-08 12:24:27.510109
164.24,2023-06-08 12:24:30.509967
164.44,2023-06-08 12:24:33.509920
164.25,2023-06-08 12:24:36.509868
164.18,2023-06-08 12:24:39.509925
164.9,2023-06-08 12:24:42.509918
164.93,2023-06-08 12:24:45.510003
166.51,2023-06-08 12:24:48.509868
167.18,2023-06-08 12:24:51.509794
165.18,2023-06-08 12:24:54.509804
166.37,2023-06-08 12:24:57.509974
165.97,2023-06-08 12:25:00.509798
165.63,2023-06-08 12:25:03.509812
165.63,2023-06-08 12:25:06.509715
166.29,2023-06-08 12:25:09.509774
168.25,2023-06-08 12:25:12.509788
171.77,2023-06-08 12:25:15.509814
171.71,2023-06-08 12:25:18.509746
172.42,2023-06-08 12:25:21.509790
170.73,2023-06-08 12:25:24.509860
168.48,2023-06-08 12:25:27.509741
165.01,2023-06-08 12:25:30.509639
160.69,2023-06-08 12:25:33.509686
158.92,2023-06-08 12:25:36.509644
158.76,2023-06-08 12:25:39.509569
158.13,2023-06-08 12:25:42.509654
158.29,2023-06-08 12:25:45.509657
158.83,2023-06-08 12:25:48.509602
160.73,2023-06-08 12:25:51.509550
161.76,2023-06-08 12:25:54.509672
163.05,2023-06-08 12:25:57.509543
162.9,2023-06-08 12:26:00.509532
164.02,2023-06-08 12:26:03.509588
164.95,2023-06-08 12:26:06.509537
165.76,2023-06-08 12:26:09.509561
165.55,2023-06-08 12:26:12.509536
165.07,2023-06-08 12:26:15.509504
165.08,2023-06-08 12:26:18.509536
163.94,2023-06-08 12:26:21.509476
165.48,2023-06-08 12:26:24.509430
167.14,2023-06-08 12:26:27.509506
166.75,2023-06-08 12:26:30.509413
167.63,2023-06-08 12:26:33.509520
166.04,2023-06-08 12:26:36.509432
165.93,2023-06-08 12:26:39.509399
165.26,2023-06-08 12:26:42.509365
165.13,2023-06-08 12:26:45.509408
164.06,2023-06-08 12:26:48.509355
163.55,2023-06-08 12:26:51.509340
64.5,2023-06-08 12:26:54.509292
166.03,2023-06-08 12:26:57.509373
166.28,2023-06-08 12:27:00.509375
166.76,2023-06-08 12:27:03.509297
167.12,2023-06-08 12:27:06.509307
165.44,2023-06-08 12:27:09.509233
161.92,2023-06-08 12:27:12.509284
159.12,2023-06-08 12:27:15.509241
157.17,2023-06-08 12:27:18.509296
154.46,2023-06-08 12:27:21.509270
154.46,2023-06-08 12:27:24.509205
154.89,2023-06-08 12:27:27.509278
153.79,2023-06-08 12:27:30.509231
153.95,2023-06-08 12:27:33.509181
154.63,2023-06-08 12:27:36.509190
154.7,2023-06-08 12:27:39.509181
2.6,2023-06-08 12:27:42.509079
154.28,2023-06-08 12:27:45.509122
155.27,2023-06-08 12:27:48.509066
156.87,2023-06-08 12:27:51.509180
159.27,2023-06-08 12:27:54.509129
159.42,2023-06-08 12:27:57.509065
159.87,2023-06-08 12:28:00.509024
160.7,2023-06-08 12:28:03.509095
160.86,2023-06-08 12:28:06.509058
159.61,2023-06-08 12:28:09.509007
160.08,2023-06-08 12:28:12.509036
160.1,2023-06-08 12:28:15.508999
162.89,2023-06-08 12:28:18.508984
163.7,2023-06-08 12:28:21.508990
164.46,2023-06-08 12:28:24.508971
165.6,2023-06-08 12:28:27.509195
166.87,2023-06-08 12:28:30.508991
166.9,2023-06-08 12:28:33.508943
168.21,2023-06-08 12:28:39.508905
170.43,2023-06-08 12:28:42.508882
168.15,2023-06-08 12:28:45.508919
165.94,2023-06-08 12:28:48.508868
164.49,2023-06-08 12:28:51.508856
160.85,2023-06-08 12:28:54.509789
160.42,2023-06-08 12:28:57.509860
157.25,2023-06-08 12:29:03.509841
157.18,2023-06-08 12:29:06.509796
156.88,2023-06-08 12:29:09.509732
157.79,2023-06-08 12:29:12.509810
159.12,2023-06-08 12:29:15.509706
160.52,2023-06-08 12:29:18.509659
162.21,2023-06-08 12:29:21.509749
163.41,2023-06-08 12:29:24.509724
165.05,2023-06-08 12:29:27.509589
163.91,2023-06-08 12:29:30.509732
165.38,2023-06-08 12:29:33.509703
164.21,2023-06-08 12:29:36.509649
164.6,2023-06-08 12:29:39.509572
164.2,2023-06-08 12:29:42.509583
165.09,2023-06-08 12:29:45.509578
165.83,2023-06-08 12:29:48.509603
166.18,2023-06-08 12:29:51.509470
167.3,2023-06-08 12:29:54.509617
168.68,2023-06-08 12:29:57.509574
170.45,2023-06-08 12:30:00.509517
177.71,2023-06-08 12:30:03.509588
182.33,2023-06-08 12:30:06.509434
186.69,2023-06-08 12:30:09.509530
190.31,2023-06-08 12:30:12.509452
194.45,2023-06-08 12:30:15.509620
196.65,2023-06-08 12:30:18.509537
196.77,2023-06-08 12:30:21.509468
196.23,2023-06-08 12:30:27.509355
196.36,2023-06-08 12:30:30.509352
195.28,2023-06-08 12:30:33.509383
19.0,2023-06-08 12:30:36.509350
192.01,2023-06-08 12:30:42.509380
190.74,2023-06-08 12:30:45.509373
190.8,2023-06-08 12:30:48.509363
191.5,2023-06-08 12:30:51.509305
191.63,2023-06-08 12:30:54.509248
192.39,2023-06-08 12:30:57.509260
194.1,2023-06-08 12:31:00.509224
192.62,2023-06-08 12:31:03.509224
193.3,2023-06-08 12:31:06.509301
192.15,2023-06-08 12:31:09.509184
191.27,2023-06-08 12:31:12.509230
191.09,2023-06-08 12:31:15.509256
189.63,2023-06-08 12:31:18.509190
190.09,2023-06-08 12:31:21.509181
191.61,2023-06-08 12:31:24.509157
193.08,2023-06-08 12:31:27.509109
194.02,2023-06-08 12:31:30.509130
193.82,2023-06-08 12:31:33.509045
193.35,2023-06-08 12:31:36.509198
192.92,2023-06-08 12:31:39.509123
190.74,2023-06-08 12:31:42.509135
190.68,2023-06-08 12:31:45.509149
190.81,2023-06-08 12:31:48.509140
191.84,2023-06-08 12:31:51.509008
193.99,2023-06-08 12:31:54.508978
194.11,2023-06-08 12:31:57.509065
193.87,2023-06-08 12:32:00.509112
193.11,2023-06-08 12:32:03.508977
193.52,2023-06-08 12:32:06.509017
194.24,2023-06-08 12:32:09.508972
193.89,2023-06-08 12:32:12.508945
192.84,2023-06-08 12:32:15.508975
192.05,2023-06-08 12:32:18.508847
191.72,2023-06-08 12:32:21.508929
189.94,2023-06-08 12:32:24.508939
188.44,2023-06-08 12:32:27.508929
185.93,2023-06-08 12:32:30.508897
178.72,2023-06-08 12:32:33.508870
172.48,2023-06-08 12:32:36.508881
167.87,2023-06-08 12:32:39.508807
165.92,2023-06-08 12:32:42.508823
173.07,2023-06-08 12:32:45.508865
181.4,2023-06-08 12:32:48.508770
186.97,2023-06-08 12:32:51.508771
188.13,2023-06-08 12:32:54.508746
186.22,2023-06-08 12:32:57.508788
185.28,2023-06-08 12:33:00.508786
179.37,2023-06-08 12:33:03.508680
174.99,2023-06-08 12:33:06.508645
178.6,2023-06-08 12:33:09.508717
180.87,2023-06-08 12:33:12.508686
182.2,2023-06-08 12:33:15.508679
183.58,2023-06-08 12:33:18.508672
184.95,2023-06-08 12:33:21.508688
185.77,2023-06-08 12:33:24.508665
186.98,2023-06-08 12:33:27.508684
187.16,2023-06-08 12:33:30.508634
188.41,2023-06-08 12:33:33.508602
188.38,2023-06-08 12:33:36.508497
188.78,2023-06-08 12:33:39.508623
189.7,2023-06-08 12:33:42.508571
190.7,2023-06-08 12:33:45.508609
191.76,2023-06-08 12:33:48.508546
193.61,2023-06-08 12:33:51.508579
194.47,2023-06-08 12:33:54.508531
196.67,2023-06-08 12:33:57.508543
196.78,2023-06-08 12:34:00.508497
198.7,2023-06-08 12:34:03.508471
199.83,2023-06-08 12:34:06.508473
197.69,2023-06-08 12:34:09.508412
194.95,2023-06-08 12:34:12.508466
190.12,2023-06-08 12:34:15.508318
187.2,2023-06-08 12:34:18.508453
186.07,2023-06-08 12:34:21.508395
184.12,2023-06-08 12:34:24.508347
177.0,2023-06-08 12:34:27.508383
171.63,2023-06-08 12:34:30.508341
168.36,2023-06-08 12:34:33.508379
166.24,2023-06-08 12:34:36.508315
164.14,2023-06-08 12:34:39.508296
163.59,2023-06-08 12:34:42.508344
1.0,2023-06-08 12:34:45.508266
162.44,2023-06-08 12:34:48.508203
161.97,2023-06-08 12:34:51.508231
162.4,2023-06-08 12:34:54.508262
162.8,2023-06-08 12:34:57.508221
162.28,2023-06-08 12:35:00.508252
162.68,2023-06-08 12:35:03.508217
167.89,2023-06-08 12:35:06.509104
172.15,2023-06-08 12:35:09.508139
168.55,2023-06-08 12:35:12.509064
171.89,2023-06-08 12:35:15.509246
174.62,2023-06-08 12:35:18.509198
176.38,2023-06-08 12:35:21.509211
177.76,2023-06-08 12:35:24.509187
178.86,2023-06-08 12:35:27.509170
178.76,2023-06-08 12:35:30.509114
17.8,2023-06-08 12:35:33.508967
179.15,2023-06-08 12:35:36.508898
179.01,2023-06-08 12:35:39.509114
178.57,2023-06-08 12:35:42.508982
178.71,2023-06-08 12:35:45.508897
179.0,2023-06-08 12:35:48.508971
178.08,2023-06-08 12:35:51.508910
179.43,2023-06-08 12:35:54.509034
181.28,2023-06-08 12:35:57.508892
181.43,2023-06-08 12:36:00.508900
182.96,2023-06-08 12:36:03.508896
184.92,2023-06-08 12:36:06.508989
188.14,2023-06-08 12:36:09.508935
191.91,2023-06-08 12:36:12.508901
195.78,2023-06-08 12:36:15.508833
196.72,2023-06-08 12:36:18.508896
192.35,2023-06-08 12:36:21.508891
189.66,2023-06-08 12:36:24.508873
187.01,2023-06-08 12:36:27.508872
186.58,2023-06-08 12:36:30.508691
186.29,2023-06-08 12:36:33.508808
186.13,2023-06-08 12:36:36.508723
186.61,2023-06-08 12:36:39.508756
184.51,2023-06-08 12:36:42.508727
185.42,2023-06-08 12:36:45.508836
185.52,2023-06-08 12:36:48.508624
186.09,2023-06-08 12:36:51.508702
186.49,2023-06-08 12:36:54.508739
188.09,2023-06-08 12:36:57.508601
186.4,2023-06-08 12:37:00.508762
186.49,2023-06-08 12:37:03.508620
185.72,2023-06-08 12:37:06.508635
184.88,2023-06-08 12:37:09.508554
185.2,2023-06-08 12:37:12.508628
186.44,2023-06-08 12:37:18.508495
187.57,2023-06-08 12:37:21.508553
189.92,2023-06-08 12:37:24.508530
190.62,2023-06-08 12:37:27.508513
191.69,2023-06-08 12:37:30.508533
192.28,2023-06-08 12:37:33.508528
192.79,2023-06-08 12:37:36.508536
192.74,2023-06-08 12:37:39.508436
193.83,2023-06-08 12:37:42.508398
193.93,2023-06-08 12:37:45.508396
193.6,2023-06-08 12:37:48.508433
192.99,2023-06-08 12:37:51.508463
193.45,2023-06-08 12:37:54.508505
193.39,2023-06-08 12:37:57.508382
190.75,2023-06-08 12:38:00.508432
8.0,2023-06-08 12:38:03.508388
188.66,2023-06-08 12:38:06.508335
188.08,2023-06-08 12:38:09.508448
185.09,2023-06-08 12:38:12.508333
183.71,2023-06-08 12:38:15.508341
182.67,2023-06-08 12:38:18.508317
182.38,2023-06-08 12:38:21.508290
183.13,2023-06-08 12:38:24.508305
183.05,2023-06-08 12:38:27.508183
183.89,2023-06-08 12:38:30.508330
183.84,2023-06-08 12:38:33.508278
184.44,2023-06-08 12:38:36.508313
185.41,2023-06-08 12:38:39.508279
187.27,2023-06-08 12:38:42.508144
187.45,2023-06-08 12:38:45.508142
190.46,2023-06-08 12:38:48.508225
191.76,2023-06-08 12:38:51.508174
192.83,2023-06-08 12:38:54.508224
195.21,2023-06-08 12:38:57.508169
197.06,2023-06-08 12:39:00.508157
200.0,2023-06-08 12:39:03.508093
201.76,2023-06-08 12:39:06.508136
200.77,2023-06-08 12:39:09.508074
200.0,2023-06-08 12:39:12.508111
200.0,2023-06-08 12:39:15.508067
200.4,2023-06-08 12:39:18.508033
199.92,2023-06-08 12:39:21.508064
200.16,2023-06-08 12:39:24.508046
200.43,2023-06-08 12:39:27.507986
200.27,2023-06-08 12:39:30.507957
200.29,2023-06-08 12:39:33.508010
199.17,2023-06-08 12:39:36.507983
199.11,2023-06-08 12:39:39.507997
199.79,2023-06-08 12:39:42.508007
199.45,2023-06-08 12:39:45.507964
199.09,2023-06-08 12:39:48.507881
198.26,2023-06-08 12:39:51.507909
196.17,2023-06-08 12:39:54.507863
194.64,2023-06-08 12:39:57.507948
195.48,2023-06-08 12:40:00.507886
195.23,2023-06-08 12:40:03.507763
195.39,2023-06-08 12:40:06.507773
192.53,2023-06-08 12:40:09.507861
190.15,2023-06-08 12:40:12.507808
189.01,2023-06-08 12:40:15.507954
188.22,2023-06-08 12:40:18.507741
188.79,2023-06-08 12:40:21.507851
187.19,2023-06-08 12:40:24.507801
185.98,2023-06-08 12:40:27.507727
186.6,2023-06-08 12:40:30.507656
187.49,2023-06-08 12:40:33.507765
186.69,2023-06-08 12:40:36.507684
184.81,2023-06-08 12:40:39.507679
182.18,2023-06-08 12:40:42.507733
181.13,2023-06-08 12:40:45.507689
179.74,2023-06-08 12:40:48.507582
179.95,2023-06-08 12:40:51.507683
178.94,2023-06-08 12:40:54.507672
179.34,2023-06-08 12:40:57.507555
178.62,2023-06-08 12:41:00.507596
178.79,2023-06-08 12:41:03.507978
180.29,2023-06-08 12:41:06.507699
179.66,2023-06-08 12:41:09.507564
179.62,2023-06-08 12:41:12.507533
179.28,2023-06-08 12:41:15.507525
180.07,2023-06-08 12:41:18.507468
179.58,2023-06-08 12:41:21.508562
180.07,2023-06-08 12:41:24.508575
179.66,2023-06-08 12:41:27.508531
179.3,2023-06-08 12:41:30.508495
180.1,2023-06-08 12:41:33.508470
179.87,2023-06-08 12:41:36.508398
180.55,2023-06-08 12:41:39.508413
180.22,2023-06-08 12:41:42.508431
179.65,2023-06-08 12:41:45.508279
178.97,2023-06-08 12:41:48.508402
179.15,2023-06-08 12:41:51.508432
178.95,2023-06-08 12:41:54.508325
179.5,2023-06-08 12:41:57.508359
179.86,2023-06-08 12:42:00.508282
180.5,2023-06-08 12:42:03.508402
180.13,2023-06-08 12:42:06.508196
180.46,2023-06-08 12:42:09.508336
179.19,2023-06-08 12:42:12.508175
179.39,2023-06-08 12:42:15.508299
179.89,2023-06-08 12:42:18.508154
180.79,2023-06-08 12:42:21.508282
184.32,2023-06-08 12:42:24.508256
186.18,2023-06-08 12:42:27.508244
186.16,2023-06-08 12:42:30.508239
57.0,2023-06-08 12:42:33.508095
184.95,2023-06-08 12:42:36.508169
183.36,2023-06-08 12:42:39.508118
183.26,2023-06-08 12:42:42.508108
183.48,2023-06-08 12:42:45.508143
182.99,2023-06-08 12:42:48.508031
184.1,2023-06-08 12:42:51.508079
185.14,2023-06-08 12:42:54.508128
186.31,2023-06-08 12:42:57.507980
187.58,2023-06-08 12:43:00.507951
186.85,2023-06-08 12:43:03.569243
187.54,2023-06-08 12:43:06.508097
188.3,2023-06-08 12:43:09.507986
188.61,2023-06-08 12:43:12.507864
186.8,2023-06-08 12:43:15.508076
187.03,2023-06-08 12:43:18.508046
190.17,2023-06-08 12:43:21.507877
191.75,2023-06-08 12:43:24.508037
13.99,2023-06-08 12:43:27.507945
195.58,2023-06-08 12:43:30.507910
197.67,2023-06-08 12:43:33.507867
198.25,2023-06-08 12:43:36.507867
198.51,2023-06-08 12:43:39.507809
196.24,2023-06-08 12:43:42.507793
194.4,2023-06-08 12:43:45.507890
191.37,2023-06-08 12:43:48.507907
186.74,2023-06-08 12:43:51.507817
180.37,2023-06-08 12:43:54.507724
170.55,2023-06-08 12:43:57.507785
161.88,2023-06-08 12:44:00.507746
139.23,2023-06-08 12:44:09.507812
131.13,2023-06-08 12:44:12.507686
123.51,2023-06-08 12:44:15.507602
116.2,2023-06-08 12:44:18.507646
111.25,2023-06-08 12:44:21.507765
106.72,2023-06-08 12:44:24.507735
105.94,2023-06-08 12:44:27.507616
50.0,2023-06-08 12:44:30.507573
107.65,2023-06-08 12:44:33.507530
109.44,2023-06-08 12:44:36.507624
111.83,2023-06-08 12:44:39.507602
112.95,2023-06-08 12:44:42.507613
11.0,2023-06-08 12:44:45.507577
118.5,2023-06-08 12:44:48.507634
122.8,2023-06-08 12:44:51.507522
124.92,2023-06-08 12:44:54.507577
125.06,2023-06-08 12:44:57.507424
125.25,2023-06-08 12:45:00.507472
124.6,2023-06-08 12:45:03.507467
122.0,2023-06-08 12:45:06.507475
121.95,2023-06-08 12:45:09.507415
120.97,2023-06-08 12:45:12.507342
120.17,2023-06-08 12:45:15.507465
120.56,2023-06-08 12:45:18.507408
120.73,2023-06-08 12:45:21.507332
120.58,2023-06-08 12:45:24.507513
120.44,2023-06-08 12:45:27.507380
121.33,2023-06-08 12:45:30.507347
122.38,2023-06-08 12:45:33.507342
122.8,2023-06-08 12:45:36.507297
122.92,2023-06-08 12:45:39.507287
124.49,2023-06-08 12:45:42.507260
125.58,2023-06-08 12:45:45.507193
124.89,2023-06-08 12:45:48.507312
124.58,2023-06-08 12:45:51.507219
122.83,2023-06-08 12:45:54.507281
120.95,2023-06-08 12:45:57.507246
121.55,2023-06-08 12:46:00.507195
121.7,2023-06-08 12:46:03.507229
123.23,2023-06-08 12:46:06.507154
125.39,2023-06-08 12:46:09.507152
129.92,2023-06-08 12:46:12.507186
130.87,2023-06-08 12:46:15.507175
132.44,2023-06-08 12:46:18.507103
133.89,2023-06-08 12:46:21.507175
136.61,2023-06-08 12:46:24.507118
138.5,2023-06-08 12:46:27.507097
140.92,2023-06-08 12:46:30.507015
144.23,2023-06-08 12:46:33.507053
146.79,2023-06-08 12:46:36.507023
145.38,2023-06-08 12:46:39.506975
144.63,2023-06-08 12:46:42.507052
144.6,2023-06-08 12:46:45.506963
142.95,2023-06-08 12:46:48.506979
140.51,2023-06-08 12:46:51.506990
137.39,2023-06-08 12:46:54.506908
137.73,2023-06-08 12:46:57.507105
138.02,2023-06-08 12:47:00.506900
138.01,2023-06-08 12:47:03.506823
138.76,2023-06-08 12:47:06.507065
140.0,2023-06-08 12:47:09.506890
143.08,2023-06-08 12:47:12.506870
144.39,2023-06-08 12:47:15.507760
146.78,2023-06-08 12:47:18.507951
148.43,2023-06-08 12:47:21.507703
150.64,2023-06-08 12:47:24.507773
152.56,2023-06-08 12:47:27.507888
154.82,2023-06-08 12:47:30.507681
154.42,2023-06-08 12:47:33.507868
156.98,2023-06-08 12:47:36.507799
159.35,2023-06-08 12:47:39.507612
161.21,2023-06-08 12:47:42.507709
162.15,2023-06-08 12:47:45.507786
163.7,2023-06-08 12:47:48.507601
167.0,2023-06-08 12:47:51.507746
166.82,2023-06-08 12:47:54.507710
167.9,2023-06-08 12:47:57.507623
163.67,2023-06-08 12:48:00.507714
158.66,2023-06-08 12:48:03.507688
155.67,2023-06-08 12:48:06.507608
152.3,2023-06-08 12:48:09.507643
149.36,2023-06-08 12:48:12.507674
149.16,2023-06-08 12:48:15.507496
146.73,2023-06-08 12:48:18.507514
141.94,2023-06-08 12:48:21.507534
139.03,2023-06-08 12:48:24.507582
137.15,2023-06-08 12:48:27.507640
135.35,2023-06-08 12:48:30.507424
136.02,2023-06-08 12:48:33.507491
135.69,2023-06-08 12:48:36.507458
134.86,2023-06-08 12:48:39.507465
133.65,2023-06-08 12:48:42.507510
132.58,2023-06-08 12:48:45.507287
132.2,2023-06-08 12:48:48.507388
129.98,2023-06-08 12:48:51.507481
130.12,2023-06-08 12:48:54.507370
131.69,2023-06-08 12:48:57.507338
134.03,2023-06-08 12:49:00.507255
134.8,2023-06-08 12:49:03.507340
135.49,2023-06-08 12:49:06.507408
134.83,2023-06-08 12:49:09.507324
135.69,2023-06-08 12:49:12.507266
135.56,2023-06-08 12:49:15.507255
135.47,2023-06-08 12:49:18.507295
136.24,2023-06-08 12:49:21.507284
136.65,2023-06-08 12:49:24.507203
136.48,2023-06-08 12:49:27.507264
136.92,2023-06-08 12:49:30.507218
138.04,2023-06-08 12:49:33.507134
136.67,2023-06-08 12:49:36.507130
137.01,2023-06-08 12:49:39.507188
136.93,2023-06-08 12:49:42.507131
135.74,2023-06-08 12:49:45.507276
136.87,2023-06-08 12:49:48.507148
138.45,2023-06-08 12:49:51.507268
13.6,2023-06-08 12:49:54.507062
137.64,2023-06-08 12:49:57.507176
136.71,2023-06-08 12:50:00.507075
137.87,2023-06-08 12:50:03.507095
139.01,2023-06-08 12:50:06.507038
140.25,2023-06-08 12:50:09.506984
140.21,2023-06-08 12:50:12.507106
141.37,2023-06-08 12:50:15.507103
143.22,2023-06-08 12:50:18.507004
142.05,2023-06-08 12:50:21.506932
141.48,2023-06-08 12:50:24.506887
140.9,2023-06-08 12:50:27.506963
140.7,2023-06-08 12:50:30.506922
140.37,2023-06-08 12:50:33.507082
139.65,2023-06-08 12:50:36.506885
139.13,2023-06-08 12:50:39.506871
140.7,2023-06-08 12:50:42.506859
141.09,2023-06-08 12:50:45.506896
139.94,2023-06-08 12:50:48.506758
139.58,2023-06-08 12:50:51.506843
139.45,2023-06-08 12:50:54.506835
140.23,2023-06-08 12:50:57.506813
141.19,2023-06-08 12:51:00.506821
141.87,2023-06-08 12:51:03.506768
142.62,2023-06-08 12:51:06.506700
142.98,2023-06-08 12:51:09.506823
142.51,2023-06-08 12:51:12.506664
143.12,2023-06-08 12:51:15.506718
143.5,2023-06-08 12:51:18.506746
143.84,2023-06-08 12:51:21.506795
143.89,2023-06-08 12:51:24.506627
144.72,2023-06-08 12:51:27.506729
144.69,2023-06-08 12:51:30.506632
145.48,2023-06-08 12:51:33.506623
146.13,2023-06-08 12:51:36.506635
146.79,2023-06-08 12:51:39.506582
147.06,2023-06-08 12:51:42.506560
147.11,2023-06-08 12:51:45.506563
148.23,2023-06-08 12:51:48.506552
146.66,2023-06-08 12:51:51.506515
147.42,2023-06-08 12:51:54.506560
146.94,2023-06-08 12:51:57.506498
145.46,2023-06-08 12:52:00.506477
146.08,2023-06-08 12:52:03.506456
145.81,2023-06-08 12:52:06.506496
147.1,2023-06-08 12:52:09.506466
146.72,2023-06-08 12:52:12.506467
147.42,2023-06-08 12:52:15.506432
147.88,2023-06-08 12:52:18.506425
147.35,2023-06-08 12:52:21.506389
148.77,2023-06-08 12:52:24.506387
149.16,2023-06-08 12:52:27.506310
150.88,2023-06-08 12:52:30.506307
152.98,2023-06-08 12:52:33.506377
152.64,2023-06-08 12:52:36.506325
188.0,2023-06-08 12:52:39.506246
155.52,2023-06-08 12:52:42.506330
157.54,2023-06-08 12:52:45.506262
157.95,2023-06-08 12:52:48.506303
157.97,2023-06-08 12:52:51.506282
158.93,2023-06-08 12:52:54.506212
159.53,2023-06-08 12:52:57.506218
158.57,2023-06-08 12:53:00.506232
158.43,2023-06-08 12:53:03.507137
157.91,2023-06-08 12:53:06.507105
158.9,2023-06-08 12:53:09.507138
158.88,2023-06-08 12:53:12.507235
158.57,2023-06-08 12:53:15.507004
157.93,2023-06-08 12:53:18.507171
5.4,2023-06-08 12:53:21.507051
154.16,2023-06-08 12:53:24.507171
154.1,2023-06-08 12:53:27.506990
155.98,2023-06-08 12:53:30.507069
157.14,2023-06-08 12:53:33.507109
160.11,2023-06-08 12:53:36.507120
159.87,2023-06-08 12:53:39.507095
158.82,2023-06-08 12:53:42.507077
158.79,2023-06-08 12:53:45.507024
158.52,2023-06-08 12:53:48.506930
158.24,2023-06-08 12:53:51.506894
155.36,2023-06-08 12:53:54.506920
153.28,2023-06-08 12:53:57.507022
151.75,2023-06-08 12:54:00.507029
151.94,2023-06-08 12:54:03.506933
152.46,2023-06-08 12:54:06.506914
154.18,2023-06-08 12:54:09.506777
154.81,2023-06-08 12:54:12.506857
156.74,2023-06-08 12:54:15.506751
158.83,2023-06-08 12:54:21.506851
160.06,2023-06-08 12:54:24.506793
159.93,2023-06-08 12:54:27.506854
162.74,2023-06-08 12:54:30.506781
165.02,2023-06-08 12:54:33.506686
165.18,2023-06-08 12:54:36.506701
165.26,2023-06-08 12:54:39.506710
163.45,2023-06-08 12:54:42.506735
160.44,2023-06-08 12:54:45.506672
160.57,2023-06-08 12:54:48.506705
161.32,2023-06-08 12:54:51.506650
6.4,2023-06-08 12:54:54.506754
166.42,2023-06-08 12:55:00.506597
169.09,2023-06-08 12:55:03.506584
171.58,2023-06-08 12:55:06.506586
172.07,2023-06-08 12:55:09.506597
171.88,2023-06-08 12:55:12.506597
170.02,2023-06-08 12:55:15.506548
170.07,2023-06-08 12:55:18.506585
168.35,2023-06-08 12:55:21.506576
165.82,2023-06-08 12:55:24.506462
166.24,2023-06-08 12:55:27.506476
165.57,2023-06-08 12:55:30.506450
164.15,2023-06-08 12:55:33.506397
162.39,2023-06-08 12:55:36.506431
160.05,2023-06-08 12:55:39.506385
159.21,2023-06-08 12:55:42.506472
160.29,2023-06-08 12:55:45.506442
161.46,2023-06-08 12:55:48.506409
161.45,2023-06-08 12:55:51.506440
158.41,2023-06-08 12:55:57.506389
157.87,2023-06-08 12:56:00.506342
157.12,2023-06-08 12:56:03.506326
157.43,2023-06-08 12:56:06.506429
161.37,2023-06-08 12:56:09.506311
163.02,2023-06-08 12:56:12.506295
163.62,2023-06-08 12:56:15.506321
162.86,2023-06-08 12:56:18.506320
165.71,2023-06-08 12:56:21.506304
165.39,2023-06-08 12:56:24.506242
165.06,2023-06-08 12:56:27.506143
165.38,2023-06-08 12:56:30.506222
164.22,2023-06-08 12:56:33.506181
163.45,2023-06-08 12:56:36.506176
163.99,2023-06-08 12:56:39.506125
164.76,2023-06-08 12:56:42.506025
165.13,2023-06-08 12:56:45.506182
165.76,2023-06-08 12:56:48.506153
170.22,2023-06-08 12:56:51.506113
177.06,2023-06-08 12:56:54.506095
180.94,2023-06-08 12:56:57.506068
182.52,2023-06-08 12:57:00.506035
179.83,2023-06-08 12:57:03.506090
177.8,2023-06-08 12:57:06.506013
176.33,2023-06-08 12:57:09.506057
177.38,2023-06-08 12:57:12.506046
176.72,2023-06-08 12:57:15.505992
175.18,2023-06-08 12:57:18.505979
172.5,2023-06-08 12:57:21.505947
170.37,2023-06-08 12:57:24.505894
167.97,2023-06-08 12:57:27.505896
166.45,2023-06-08 12:57:30.505926
166.32,2023-06-08 12:57:33.505868
166.59,2023-06-08 12:57:36.505894
167.0,2023-06-08 12:57:39.505836
167.64,2023-06-08 12:57:42.505903
166.41,2023-06-08 12:57:45.505869
167.7,2023-06-08 12:57:48.505806
169.05,2023-06-08 12:57:51.505826
170.83,2023-06-08 12:57:54.505779
169.69,2023-06-08 12:57:57.505689
169.29,2023-06-08 12:58:00.505749
168.46,2023-06-08 12:58:03.505803
167.61,2023-06-08 12:58:06.505766
166.07,2023-06-08 12:58:09.505729
164.97,2023-06-08 12:58:12.505772
166.07,2023-06-08 12:58:15.505657
168.12,2023-06-08 12:58:18.505697
169.63,2023-06-08 12:58:21.505629
171.95,2023-06-08 12:58:24.505706
174.3,2023-06-08 12:58:27.505613
176.04,2023-06-08 12:58:30.505661
175.75,2023-06-08 12:58:33.505631
177.27,2023-06-08 12:58:36.505559
179.72,2023-06-08 12:58:39.505613
182.42,2023-06-08 12:58:42.505599
184.12,2023-06-08 12:58:45.505541
181.98,2023-06-08 12:58:48.505510
181.97,2023-06-08 12:58:51.505535
181.0,2023-06-08 12:58:54.505501
181.49,2023-06-08 12:58:57.505408
180.36,2023-06-08 12:59:00.506514
178.26,2023-06-08 12:59:03.506553
175.93,2023-06-08 12:59:06.506369
173.19,2023-06-08 12:59:09.506412
170.91,2023-06-08 12:59:12.506388
173.09,2023-06-08 12:59:15.506324
175.21,2023-06-08 12:59:18.506339
173.47,2023-06-08 12:59:21.506478
172.96,2023-06-08 12:59:24.506426
174.18,2023-06-08 12:59:27.506393
176.42,2023-06-08 12:59:30.506238
178.98,2023-06-08 12:59:33.506271
181.46,2023-06-08 12:59:36.506243
181.77,2023-06-08 12:59:39.506297
179.18,2023-06-08 12:59:42.506323
174.72,2023-06-08 12:59:45.506182
174.05,2023-06-08 12:59:48.506329
177.08,2023-06-08 12:59:51.506300
178.66,2023-06-08 12:59:54.506285
179.23,2023-06-08 12:59:57.506224
182.4,2023-06-08 13:00:00.506217
184.34,2023-06-08 13:00:03.506203
184.41,2023-06-08 13:00:06.506030
182.92,2023-06-08 13:00:09.506189
182.39,2023-06-08 13:00:12.506049
181.47,2023-06-08 13:00:15.506152
182.64,2023-06-08 13:00:18.506201
181.83,2023-06-08 13:00:21.506034
181.11,2023-06-08 13:00:24.506048
177.94,2023-06-08 13:00:27.506091
177.35,2023-06-08 13:00:30.506014
175.17,2023-06-08 13:00:33.506066
174.14,2023-06-08 13:00:36.506093
174.82,2023-06-08 13:00:39.505883
177.19,2023-06-08 13:00:42.506020
179.64,2023-06-08 13:00:45.505977
180.96,2023-06-08 13:00:48.505966
181.78,2023-06-08 13:00:51.506003
181.85,2023-06-08 13:00:54.506003
183.4,2023-06-08 13:00:57.505856
188.3,2023-06-08 13:01:00.505892
188.67,2023-06-08 13:01:03.505943
188.28,2023-06-08 13:01:06.505939
186.22,2023-06-08 13:01:09.505853
185.1,2023-06-08 13:01:12.505856
183.56,2023-06-08 13:01:15.505822
181.09,2023-06-08 13:01:18.505806
177.43,2023-06-08 13:01:21.505743
175.74,2023-06-08 13:01:24.505730
176.15,2023-06-08 13:01:27.505706
178.61,2023-06-08 13:01:30.505666
179.45,2023-06-08 13:01:33.505776
180.05,2023-06-08 13:01:36.505821
181.68,2023-06-08 13:01:39.505618
182.36,2023-06-08 13:01:48.505738
181.78,2023-06-08 13:01:51.505687
183.42,2023-06-08 13:01:54.505667
15.9,2023-06-08 13:01:57.505541
187.45,2023-06-08 13:02:00.505671
188.25,2023-06-08 13:02:03.505651
188.1,2023-06-08 13:02:06.505538
188.98,2023-06-08 13:02:09.505586
189.88,2023-06-08 13:02:12.505579
189.03,2023-06-08 13:02:15.505524
187.15,2023-06-08 13:02:18.505581
185.7,2023-06-08 13:02:21.505481
183.01,2023-06-08 13:02:24.505534
181.59,2023-06-08 13:02:27.505435
179.49,2023-06-08 13:02:30.505383
179.26,2023-06-08 13:02:33.505468
179.12,2023-06-08 13:02:36.505459
180.71,2023-06-08 13:02:39.505342
182.11,2023-06-08 13:02:42.505495
183.66,2023-06-08 13:02:45.505492
181.9,2023-06-08 13:02:48.505350
179.72,2023-06-08 13:02:51.505376
177.76,2023-06-08 13:02:54.505267
175.69,2023-06-08 13:02:57.505353
177.09,2023-06-08 13:03:00.505301
177.82,2023-06-08 13:03:03.505287
178.66,2023-06-08 13:03:06.505298
181.35,2023-06-08 13:03:09.505226
185.68,2023-06-08 13:03:12.505190
186.05,2023-06-08 13:03:15.505279
184.43,2023-06-08 13:03:18.505227
180.73,2023-06-08 13:03:21.505137
178.76,2023-06-08 13:03:24.505253
176.75,2023-06-08 13:03:27.505171
177.78,2023-06-08 13:03:30.505177
176.81,2023-06-08 13:03:33.505256
176.98,2023-06-08 13:03:36.505173
176.48,2023-06-08 13:03:39.505107
8.0,2023-06-08 13:03:42.505068
181.17,2023-06-08 13:03:45.505126
181.04,2023-06-08 13:03:48.505101
180.06,2023-06-08 13:03:51.505078
180.44,2023-06-08 13:03:54.505078
181.37,2023-06-08 13:03:57.505033
180.56,2023-06-08 13:04:00.505026
179.74,2023-06-08 13:04:03.505036
182.32,2023-06-08 13:04:06.504988
184.08,2023-06-08 13:04:09.505022
185.62,2023-06-08 13:04:12.504961
190.02,2023-06-08 13:04:15.504932
192.86,2023-06-08 13:04:18.504953
192.88,2023-06-08 13:04:21.504927
192.74,2023-06-08 13:04:24.504948
191.17,2023-06-08 13:04:27.504931
190.18,2023-06-08 13:04:30.504896
188.3,2023-06-08 13:04:33.504874
186.58,2023-06-08 13:04:36.504827
188.87,2023-06-08 13:04:39.504821
188.21,2023-06-08 13:04:42.504837
189.39,2023-06-08 13:04:45.504727
192.14,2023-06-08 13:04:48.504844
191.99,2023-06-08 13:04:51.504737
188.8,2023-06-08 13:04:54.504778
186.18,2023-06-08 13:04:57.505831
185.13,2023-06-08 13:05:00.504690
186.42,2023-06-08 13:05:03.505623
186.71,2023-06-08 13:05:06.505814
185.71,2023-06-08 13:05:09.505575
185.47,2023-06-08 13:05:12.505764
186.68,2023-06-08 13:05:15.505649
188.0,2023-06-08 13:05:18.505557
189.4,2023-06-08 13:05:21.505524
190.54,2023-06-08 13:05:24.505563
188.18,2023-06-08 13:05:27.505713
186.55,2023-06-08 13:05:30.505491
8.0,2023-06-08 13:05:33.505698
185.1,2023-06-08 13:05:39.505481
185.32,2023-06-08 13:05:42.505581
184.49,2023-06-08 13:05:45.505594
185.59,2023-06-08 13:05:48.505366
187.34,2023-06-08 13:05:51.505551
187.74,2023-06-08 13:05:54.505508
185.89,2023-06-08 13:05:57.505326
184.12,2023-06-08 13:06:00.505402
182.51,2023-06-08 13:06:03.505394
180.61,2023-06-08 13:06:06.505450
180.21,2023-06-08 13:06:09.505363
179.67,2023-06-08 13:06:12.505424
180.73,2023-06-08 13:06:15.505313
181.45,2023-06-08 13:06:18.505308
184.06,2023-06-08 13:06:24.505379
184.58,2023-06-08 13:06:27.505203
186.67,2023-06-08 13:06:30.505227
188.21,2023-06-08 13:06:33.505250
188.73,2023-06-08 13:06:36.505228
189.92,2023-06-08 13:06:39.505254
191.3,2023-06-08 13:06:42.505247
192.02,2023-06-08 13:06:45.505224
193.47,2023-06-08 13:06:48.505268
191.94,2023-06-08 13:06:51.505164
191.83,2023-06-08 13:06:54.505196
190.31,2023-06-08 13:06:57.505184
190.27,2023-06-08 13:07:00.505110
189.72,2023-06-08 13:07:03.505166
189.58,2023-06-08 13:07:06.505090
191.25,2023-06-08 13:07:09.505064
193.39,2023-06-08 13:07:12.505013
193.1,2023-06-08 13:07:15.505094
192.17,2023-06-08 13:07:18.505085
191.17,2023-06-08 13:07:21.505065
190.91,2023-06-08 13:07:24.505025
192.27,2023-06-08 13:07:27.505003
193.64,2023-06-08 13:07:30.505041
195.22,2023-06-08 13:07:33.504999
194.78,2023-06-08 13:07:36.504913
195.14,2023-06-08 13:07:39.504991
194.4,2023-06-08 13:07:42.504959
193.84,2023-06-08 13:07:45.504899
194.67,2023-06-08 13:07:48.504935
195.55,2023-06-08 13:07:51.504853
195.18,2023-06-08 13:07:54.504815
194.99,2023-06-08 13:07:57.504855
194.38,2023-06-08 13:08:00.504863
195.25,2023-06-08 13:08:03.504844
194.6,2023-06-08 13:08:09.504786
193.55,2023-06-08 13:08:12.504769
192.08,2023-06-08 13:08:15.504794
193.64,2023-06-08 13:08:18.504839
195.61,2023-06-08 13:08:21.504801
200.63,2023-06-08 13:08:24.504782
203.64,2023-06-08 13:08:27.504640
206.0,2023-06-08 13:08:30.504676
206.28,2023-06-08 13:08:33.504683
199.38,2023-06-08 13:08:36.504646
193.05,2023-06-08 13:08:39.504634
186.59,2023-06-08 13:08:42.504636
181.14,2023-06-08 13:08:45.504530
174.63,2023-06-08 13:08:48.504604
168.87,2023-06-08 13:08:51.504635
163.3,2023-06-08 13:08:54.504602
158.95,2023-06-08 13:08:57.504552
156.67,2023-06-08 13:09:00.504609
157.2,2023-06-08 13:09:03.504523
158.52,2023-06-08 13:09:06.504573
160.37,2023-06-08 13:09:09.504464
162.35,2023-06-08 13:09:12.504480
164.18,2023-06-08 13:09:15.504583
164.02,2023-06-08 13:09:18.504502
161.19,2023-06-08 13:09:21.504466
159.33,2023-06-08 13:09:24.504372
159.32,2023-06-08 13:09:27.504477
158.86,2023-06-08 13:09:30.504408
158.32,2023-06-08 13:09:33.504410
155.38,2023-06-08 13:09:36.504357
153.1,2023-06-08 13:09:39.504344
151.28,2023-06-08 13:09:42.504379
151.95,2023-06-08 13:09:45.504310
152.57,2023-06-08 13:09:48.504323
155.53,2023-06-08 13:09:51.504338
155.51,2023-06-08 13:09:54.504288
152.61,2023-06-08 13:09:57.504315
151.16,2023-06-08 13:10:00.504260
148.4,2023-06-08 13:10:03.504234
145.59,2023-06-08 13:10:06.504290
141.86,2023-06-08 13:10:09.504316
141.23,2023-06-08 13:10:12.504102
140.08,2023-06-08 13:10:15.504207
138.47,2023-06-08 13:10:18.504108
136.79,2023-06-08 13:10:21.504284
136.26,2023-06-08 13:10:24.504139
135.74,2023-06-08 13:10:27.504127
135.92,2023-06-08 13:10:30.504121
132.41,2023-06-08 13:10:33.504067
133.82,2023-06-08 13:10:36.504048
136.41,2023-06-08 13:10:39.504173
135.79,2023-06-08 13:10:42.504030
132.49,2023-06-08 13:10:45.504084
130.96,2023-06-08 13:10:48.503998
128.36,2023-06-08 13:10:51.504004
123.39,2023-06-08 13:10:54.504113
120.07,2023-06-08 13:10:57.503996
118.68,2023-06-08 13:11:03.504979
118.4,2023-06-08 13:11:06.504852
118.34,2023-06-08 13:11:09.504890
122.9,2023-06-08 13:11:12.504807
125.21,2023-06-08 13:11:15.504787
130.37,2023-06-08 13:11:18.504921
136.3,2023-06-08 13:11:21.504918
139.25,2023-06-08 13:11:24.504755
143.21,2023-06-08 13:11:27.504854
144.36,2023-06-08 13:11:30.504732
142.54,2023-06-08 13:11:33.504760
139.71,2023-06-08 13:11:36.504861
137.14,2023-06-08 13:11:39.504823
134.51,2023-06-08 13:11:42.504634
133.1,2023-06-08 13:11:45.504838
131.26,2023-06-08 13:11:48.504691
129.59,2023-06-08 13:11:51.504660
127.53,2023-06-08 13:11:54.504633
124.52,2023-06-08 13:11:57.504713
121.7,2023-06-08 13:12:00.504738
120.55,2023-06-08 13:12:03.504571
118.91,2023-06-08 13:12:06.504715
119.94,2023-06-08 13:12:09.504560
121.61,2023-06-08 13:12:12.504712
124.97,2023-06-08 13:12:15.504650
124.1,2023-06-08 13:12:18.504445
124.58,2023-06-08 13:12:21.504481
127.86,2023-06-08 13:12:24.504455
132.95,2023-06-08 13:12:27.504439
138.9,2023-06-08 13:12:30.504413
147.71,2023-06-08 13:12:33.504463
154.04,2023-06-08 13:12:36.504533
159.22,2023-06-08 13:12:39.504426
165.72,2023-06-08 13:12:42.504440
173.48,2023-06-08 13:12:45.504496
185.49,2023-06-08 13:12:48.504372
199.06,2023-06-08 13:12:51.504415
209.34,2023-06-08 13:12:54.504330
224.17,2023-06-08 13:12:57.504331
236.26,2023-06-08 13:13:00.504376
247.12,2023-06-08 13:13:03.504323
256.38,2023-06-08 13:13:06.504398
0.93,2023-06-08 13:13:09.504239
269.06,2023-06-08 13:13:12.504321
271.29,2023-06-08 13:13:15.504289
272.03,2023-06-08 13:13:18.504271
274.94,2023-06-08 13:13:21.504216
273.46,2023-06-08 13:13:24.504161
273.78,2023-06-08 13:13:27.504269
277.5,2023-06-08 13:13:30.504198
8.0,2023-06-08 13:13:33.504269
281.76,2023-06-08 13:13:36.504105
288.62,2023-06-08 13:13:39.504139
300.32,2023-06-08 13:13:42.504163
310.13,2023-06-08 13:13:45.504095
322.79,2023-06-08 13:13:48.504165
333.2,2023-06-08 13:13:51.504113
343.68,2023-06-08 13:13:54.504103
354.36,2023-06-08 13:13:57.504158
366.62,2023-06-08 13:14:00.504138
375.49,2023-06-08 13:14:03.504030
382.51,2023-06-08 13:14:06.504055
393.56,2023-06-08 13:14:09.503978
402.88,2023-06-08 13:14:12.504073
411.82,2023-06-08 13:14:15.503962
418.18,2023-06-08 13:14:18.503956
419.47,2023-06-08 13:14:21.503969
416.56,2023-06-08 13:14:24.503981
408.49,2023-06-08 13:14:27.503914
398.66,2023-06-08 13:14:30.503902
385.84,2023-06-08 13:14:33.503920
371.32,2023-06-08 13:14:36.503881
356.79,2023-06-08 13:14:39.503819
341.58,2023-06-08 13:14:42.503844
328.57,2023-06-08 13:14:45.503807
315.95,2023-06-08 13:14:48.503845
30.67,2023-06-08 13:14:51.503768
300.43,2023-06-08 13:14:54.503901
296.8,2023-06-08 13:14:57.503821
293.81,2023-06-08 13:15:00.503685
291.07,2023-06-08 13:15:03.503746
288.5,2023-06-08 13:15:06.503750
285.6,2023-06-08 13:15:09.503714
283.34,2023-06-08 13:15:12.503668
280.0,2023-06-08 13:15:15.503674
276.81,2023-06-08 13:15:18.503844
274.81,2023-06-08 13:15:21.503641
271.93,2023-06-08 13:15:24.503649
268.26,2023-06-08 13:15:27.503607
266.4,2023-06-08 13:15:30.503509
263.71,2023-06-08 13:15:33.503522
261.83,2023-06-08 13:15:36.503547
262.16,2023-06-08 13:15:39.503554
259.63,2023-06-08 13:15:42.503550
257.6,2023-06-08 13:15:45.503536
255.67,2023-06-08 13:15:48.503578
253.66,2023-06-08 13:15:51.503519
252.35,2023-06-08 13:15:54.503471
245.01,2023-06-08 13:16:03.503479
243.92,2023-06-08 13:16:06.503450
244.63,2023-06-08 13:16:09.511180
244.99,2023-06-08 13:16:12.503671
244.31,2023-06-08 13:16:15.503333
243.45,2023-06-08 13:16:18.503340
242.03,2023-06-08 13:16:21.503325
239.65,2023-06-08 13:16:24.503318
238.94,2023-06-08 13:16:27.503335
238.04,2023-06-08 13:16:30.503329
236.6,2023-06-08 13:16:33.503331
